,Player Name,School,Source,High Level,Year,Latitude,Longitude
0,Royce Lewis,"JSerra Catholic (San Juan Capistrano,CA)",HS,MLB,2017.0,,
1,Hunter Greene,"Notre Dame (Sherman Oaks,CA)",HS,MLB,2017.0,,
2,MacKenzie Gore,"Whiteville (Whiteville,NC)",HS,MLB,2017.0,,
3,Brendan McKay,University of Louisville,College,MLB,2017.0,,
4,Kyle Wright,Vanderbilt University,College,MLB,2017.0,,
5,Austin Beck,"North Davidson (Lexington,NC)",HS,AAA,2017.0,,
6,Pavin Smith,University of Virginia,College,MLB,2017.0,,
7,Adam Haseley,University of Virginia,College,MLB,2017.0,,
8,Keston Hiura,"University of California, Irvine",College,MLB,2017.0,,
9,Jo Adell,"Ballard (Louisville,KY)",HS,MLB,2017.0,,
10,Jake Burger,Missouri State University,College,MLB,2017.0,,
11,Shane Baz,"Concordia Lutheran (Spring,TX)",HS,MLB,2017.0,,
12,Trevor Rogers,"Carlsbad (Carlsbad,NM)",HS,MLB,2017.0,,
13,Nick Pratto,"Huntington Beach (Huntington Beach,CA)",HS,MLB,2017.0,,
14,J.B. Bukauskas,University of North Carolina,College,MLB,2017.0,,
15,Clarke Schmidt,University of South Carolina,College,MLB,2017.0,,
16,Evan White,University of Kentucky,College,MLB,2017.0,,
17,Alex Faedo,University of Florida,College,MLB,2017.0,,
18,Heliot Ramos,"Leadership Christian Academy (Guaynabo,PR)",HS,MLB,2017.0,,
19,David Peterson,University of Oregon,College,MLB,2017.0,,
20,DL Hall,"Valdosta (Valdosta,GA)",HS,MLB,2017.0,,
21,Logan Warmoth,University of North Carolina,College,AAA,2017.0,,
22,Jeren Kendall,Vanderbilt University,College,AA,2017.0,,
23,Tanner Houck,University of Missouri,College,MLB,2017.0,,
24,Seth Romero,University of Houston,College,MLB,2017.0,,
25,Bubba Thompson,"McGill-Toolen (Mobile,AL)",HS,MLB,2017.0,,
26,Brendon Little,State College of Florida Manatee-Sarasota,College,MLB,2017.0,,
27,Nate Pearson,University of Central Florida,College,MLB,2017.0,,
28,Chris Seise,"West Orange (Winter Garden,FL)",HS,AA,2017.0,,
29,Alex Lange,Louisiana State University,College,MLB,2017.0,,
30,Drew Rasmussen,Oregon State University,College,MLB,2017.0,,
31,Jeter Downs,"Monsignor Edward Pace (Miami,FL)",HS,MLB,2017.0,,
32,Kevin Merrell,University of South Florida,College,AAA,2017.0,,
33,Tristen Lutz,"James Martin (Arlington,TX)",HS,AA,2017.0,,
34,Brent Rooker,Mississippi State University,College,MLB,2017.0,,
35,Brian Miller,University of North Carolina,College,MLB,2017.0,,
36,Landon Leach,"Pickering (Ajax,ON)",HS,A+,2017.0,,
37,Stuart Fairchild,Wake Forest University,College,MLB,2017.0,,
38,Luis Campusano,"Cross Creek (Augusta,GA)",HS,MLB,2017.0,,
39,Michael Mercado,"Westview (San Diego,CA)",HS,AA,2017.0,,
40,Drew Waters,"Etowah (Woodstock,GA)",HS,MLB,2017.0,,
41,Steven Jennings,"DeKalb County (Smithville,TN)",HS,AA,2017.0,,
42,Greg Deichmann,Louisiana State University,College,MLB,2017.0,,
43,Drew Ellis,University of Louisville,College,MLB,2017.0,,
44,Spencer Howard,Cal Poly,College,MLB,2017.0,,
45,Caden Lemons,"Vestavia Hills (Birmingham,AL)",HS,A,2017.0,,
46,Griffin Canning,"University of California, Los Angeles (UCLA)",College,MLB,2017.0,,
47,Ryan Vilade,"Stillwater (Stillwater,OK)",HS,MLB,2017.0,,
48,Gavin Sheets,Wake Forest University,College,MLB,2017.0,,
49,Cal Mitchell,"Rancho Bernardo (San Diego,CA)",HS,MLB,2017.0,,
50,Joe Dunand,North Carolina State University,College,MLB,2017.0,,
51,MJ Melendez,"Westminster Christian (Miami,FL)",HS,MLB,2017.0,,
52,Joe Perez,"Archbishop McCarthy (Fort Lauderdale,FL)",HS,MLB,2017.0,,
53,Matt Sauer,"Ernest Righetti (Santa Maria,CA)",HS,AA,2017.0,,
54,Sam Carlson,"Burnsville (Burnsville,MN)",HS,A+,2017.0,,
55,Corbin Martin,Texas A&M University,College,MLB,2017.0,,
56,Reynaldo Rivera,Chipola College,College,A+,2017.0,,
57,Jacob Gonzalez,"Chaparral (Scottsdale,AZ)",HS,AA,2017.0,,
58,Mark Vientos,"American Heritage (Plantation,FL)",HS,MLB,2017.0,,
59,Adam Hall,"A.B. Lucas (London,ON)",HS,AAA,2017.0,,
60,Hagen Danner,"Huntington Beach (Huntington Beach,CA)",HS,AAA,2017.0,,
61,Morgan Cooper,University of Texas,College,A+,2017.0,,
62,Cole Brannen,"Westfield School (Perry,GA)",HS,A+,2017.0,,
63,Quentin Holmes,"McClancy Memorial (Flushing,NY)",HS,AA,2017.0,,
64,Wil Crowe,University of South Carolina,College,MLB,2017.0,,
65,Hans Crouse,"Dana Hills (Dana Point,CA)",HS,MLB,2017.0,,
66,Cory Abbott,Loyola Marymount University,College,MLB,2017.0,,
67,Daulton Varsho,University of Wisconsin-Milwaukee,College,MLB,2017.0,,
68,Blake Hunt,"Mater Dei (Santa Ana,CA)",HS,AA,2017.0,,
69,Tommy Doyle,University of Virginia,College,MLB,2017.0,,
70,Tyler Freeman,"Etiwanda (Etiwanda,CA)",HS,MLB,2017.0,,
71,Conner Uselton,"Southmoore (Moore,OK)",HS,Rk,2017.0,,
72,Evan Steele,Chipola College,College,A,2017.0,,
73,Zac Lowther,Xavier,College,MLB,2017.0,,
74,J.J. Matijevic,University of Arizona,College,MLB,2017.0,,
75,Blayne Enlow,"St. Amant (St. Amant,LA)",HS,AA,2017.0,,
76,Jacob Heatherly,"Cullman (Cullman,AL)",HS,A,2017.0,,
77,Mason House,"Whitehouse (Whitehouse,TX)",HS,A-,2017.0,,
78,Taylor Walls,Florida State University,College,MLB,2017.0,,
79,Freddy Tarnok,"Riverview (Riverview,FL)",HS,MLB,2017.0,,
80,Nick Allen,"Francis Parker (San Diego,CA)",HS,MLB,2017.0,,
81,Matt Tabor,"Milton Academy (Hingham,MA)",HS,AAA,2017.0,,
82,Connor Seabold,Cal State Fullerton,College,MLB,2017.0,,
83,K.J. Harrison,Oregon State University,College,AA,2017.0,,
84,Jacob Pearson,"West Monroe (West Monroe,LA)",HS,AAA,2017.0,,
85,Will Gaddis,Furman University,College,AAA,2017.0,,
86,Luis Gonzalez,University of New Mexico,College,MLB,2017.0,,
87,Dylan Busby,Florida State University,College,AAA,2017.0,,
88,Riley Mahan,University of Kentucky,College,AA,2017.0,,
89,Daniel Tillo,Iowa Western Community College,College,AAA,2017.0,,
90,Tyler Ivey,Grayson County College,College,MLB,2017.0,,
91,Trevor Stephan,University of Arkansas,College,MLB,2017.0,,
92,Wyatt Mills,Gonzaga University,College,MLB,2017.0,,
93,Scott Hurst,Cal State Fullerton,College,MLB,2017.0,,
94,Joey Morgan,University of Washington,College,AAA,2017.0,,
95,Seth Corry,"Lone Peak (Alpine,UT)",HS,A+,2017.0,,
96,Quinn Brodey,Stanford University,College,AAA,2017.0,,
97,Mike Baumann,Jacksonville University,College,MLB,2017.0,,
98,Riley Adams,University of San Diego,College,MLB,2017.0,,
99,Connor Wong,University of Houston,College,MLB,2017.0,,
100,Brett Netzer,University of North Carolina-Charlotte,College,AA,2017.0,,
101,Johnathan Rodriguez,"Carlos Beltran Baseball Academy (Florida,PR)",HS,AA,2017.0,,
102,Nick Raquet,College of William and Mary,College,A+,2017.0,,
103,Matt Whatley,Oral Roberts University,College,AAA,2017.0,,
104,Keegan Thompson,Auburn University,College,MLB,2017.0,,
105,Charlie Barnes,Clemson University,College,MLB,2017.0,,
106,Cash Case,"The First Academy (orlando,FL)",HS,Rk,2017.0,,
107,Sam Keating,"Canterbury School (Fort Myers,FL)",HS,A+,2017.0,,
108,Drew Strotman,St. Mary's College of California,College,AAA,2017.0,,
109,Troy Bacon,Santa Fe Community College,College,AA,2017.0,,
110,Will Toffey,Vanderbilt University,College,AAA,2017.0,,
111,Harrison Francis,"Lawton Chiles (Tallahassee,FL)",HS,A,2017.0,,
112,Jake Scheiner,University of Houston,College,AAA,2017.0,,
113,Brendan Murphy,"Mundelein (Mundelein,IL)",HS,A,2017.0,,
114,John Swanda,"Roosevelt (Des Moines,IA)",HS,AAA,2017.0,,
115,Pearson McMahan,St. Johns River State College,College,AAA,2017.0,,
116,Lincoln Henzman,University of Louisville,College,AAA,2017.0,,
117,Jason Delay,Vanderbilt University,College,MLB,2017.0,,
118,Colton Hock,Stanford University,College,AAA,2017.0,,
119,Michael Gigliotti,Lipscomb University,College,AAA,2017.0,,
120,Peter Solomon,University of Notre Dame,College,MLB,2017.0,,
121,Canaan Smith-Njigba,"Rockwall-Heath (Rockwall,TX)",HS,MLB,2017.0,,
122,Seth Elledge,Dallas Baptist University,College,MLB,2017.0,,
123,Kramer Robertson,Louisiana State University,College,MLB,2017.0,,
124,Gio Arriera,Palm Beach State College,College,A+,2017.0,,
125,Garrett Cave,University of Tampa,College,A+,2017.0,,
126,Tony Dibrell,Kennesaw State University,College,AAA,2017.0,,
127,Jack Conlon,"Clements School (Sugar Land,TX)",HS,College,2017.0,,
128,Kevin Smith,University of Maryland,College,MLB,2017.0,,
129,James Marinan,"Park Vista Community (Lake Worth,FL)",HS,A+,2017.0,,
130,Jake Thompson,Oregon State University,College,AAA,2017.0,,
131,Ernie Clement,University of Virginia,College,MLB,2017.0,,
132,Cole Freeman,Louisiana State University,College,AAA,2017.0,,
133,Ryan Dease,"TNXL Academy (Longwood,Fl)",HS,A,2017.0,,
134,Erich Uelmen,Cal Poly,College,MLB,2017.0,,
135,Andrew Bechtold,Chipola College,College,AAA,2017.0,,
136,Mac Sceroler,Southeastern Louisiana University,College,MLB,2017.0,,
137,Jonny Homza,"South Anchorage (Anchorage,AK)",HS,A+,2017.0,,
138,Josh Fleming,Webster University,College,MLB,2017.0,,
139,Bruce Zimmermann,Mount Olive College,College,MLB,2017.0,,
140,Santis Sanchez,"Colegio Hector Urdaneta (Ceiba,PR)",HS,A,2017.0,,
141,Buddy Kennedy,"Millville (Millville,NJ)",HS,MLB,2017.0,,
142,Ethan Lindow,"Locust Grove (Locust Grove,OK)",HS,AA,2017.0,,
143,Nick Egnatuk,"Immaculata (Somerville,NJ)",HS,Rk,2017.0,,
144,Joseph Booker,"T.R. Miller (Brewton,AL)",HS,--,2017.0,,
145,Nick Kennedy,University of Texas,College,AAA,2017.0,,
146,Tyler Johnson,University of South Carolina,College,AAA,2017.0,,
147,Deon Stafford,Saint Joseph's University,College,AA,2017.0,,
148,Ryan Lillie,University of California-Riverside,College,AAA,2017.0,,
149,Charlie Neuweiler,"McClancy Memorial (Flushing,NY)",HS,AAA,2017.0,,
150,Nathan Perry,"Bassett (Bassett,VA)",HS,A,2017.0,,
151,Glenn Otto,Rice University,College,MLB,2017.0,,
152,David Banuelos,Long Beach State University,College,AAA,2017.0,,
153,Zach Kirtley,St. Mary's College of California,College,AAA,2017.0,,
154,Sam McMillan,"Suwannee (Live Oak,FL)",HS,A,2017.0,,
155,Jason Bahr,University of Central Florida,College,AAA,2017.0,,
156,Matt Winaker,Stanford University,College,AAA,2017.0,,
157,Lamar Sparks,"Seven Lakes (Katy,TX)",HS,AA,2017.0,,
158,Cullen Large,College of William and Mary,College,AAA,2017.0,,
159,Riley Ottesen,University of Utah,College,A,2017.0,,
160,Alex Scherff,"Heritage (Colleyville,TX)",HS,AA,2017.0,,
161,Austen Wade,Texas Christian University,College,AA,2017.0,,
162,Brigham Hill,Texas A&M University,College,A,2017.0,,
163,Jake Latz,Kent State University,College,MLB,2017.0,,
164,Nelson Velazquez,"PJ Education School (Carolina,PR)",HS,MLB,2017.0,,
165,Ricky De La Torre,"Puerto Rico Baseball Academy (Gurabo,PR)",HS,A,2017.0,,
166,Tyler Buffett,Oklahoma State University,College,A,2017.0,,
167,Aaron Leasher,Morehead State University,College,AAA,2017.0,,
168,Zach Rutherford,Old Dominion University,College,A+,2017.0,,
169,Jordan Rodgers,University of Tennessee,College,A+,2017.0,,
170,Logan Salow,University of Kentucky,College,AAA,2017.0,,
171,Brian Shaffer,University of Maryland,College,AA,2017.0,,
172,Dalton Guthrie,University of Florida,College,MLB,2017.0,,
173,Devin Hairston,University of Louisville,College,AAA,2017.0,,
174,Jonah Todd,Auburn University,College,A+,2017.0,,
175,Chad Spanberger,University of Arkansas,College,AAA,2017.0,,
176,Kade McClure,University of Louisville,College,AAA,2017.0,,
177,Cody Bolton,"Tracy (Tracy,CA)",HS,MLB,2017.0,,
178,Taylor Braley,University of Southern Mississippi,College,A+,2017.0,,
179,Tyler Zuber,Arkansas State University,College,MLB,2017.0,,
180,Jake Adams,University of Iowa,College,AA,2017.0,,
181,Dalton Lehnen,Augustana College SD,College,A+,2017.0,,
182,Oliver Jaskie,University of Michigan,College,AA,2017.0,,
183,Zach Jackson,"Winter Haven (Winter Haven,FL)",HS,A+,2017.0,,
184,Dane Myers,Rice University,College,AAA,2017.0,,
185,Bryce Johnson,Sam Houston State University,College,MLB,2017.0,,
186,Marcel Renteria,New Mexico State University,College,AAA,2017.0,,
187,Mason McCoy,University of Iowa,College,AAA,2017.0,,
188,Brock Lundquist,Long Beach State University,College,AA,2017.0,,
189,Wills Montgomerie,University of Connecticut,College,A+,2017.0,,
190,Zach Schellenger,Seton Hall University,College,AA,2017.0,,
191,Mike Rivera,University of Florida,College,AAA,2017.0,,
192,Kyle Johnston,University of Texas,College,AAA,2017.0,,
193,Noah Bremer,University of Washington,College,AA,2017.0,,
194,Jeremiah Estrada,"Palm Desert (Palm Desert,CA)",HS,MLB,2017.0,,
195,Ryley Widell,Central Arizona College,College,A+,2017.0,,
196,Mark Kolozsvary,University of Florida,College,MLB,2017.0,,
197,Nick Margevicius,Rider University,College,MLB,2017.0,,
198,Hunter Schryver,Villanova University,College,AAA,2017.0,,
199,Landon Hughes,Georgia Southern University,College,A,2017.0,,
200,Parker Dunshee,Wake Forest University,College,AAA,2017.0,,
201,Jose Caballero,Chipola College,College,MLB,2017.0,,
202,Nick Maton,Lincoln Land Community College,College,MLB,2017.0,,
203,Bowden Francis,Chipola College,College,MLB,2017.0,,
204,Denny Brady,Mercer County Community College,College,AA,2017.0,,
205,Lucas Gilbreath,University of Minnesota,College,MLB,2017.0,,
206,Evan Skoug,Texas Christian University,College,AAA,2017.0,,
207,Jared Oliva,University of Arizona,College,MLB,2017.0,,
208,Sean Guenther,University of Notre Dame,College,MLB,2017.0,,
209,Brewer Hicklen,University of Alabama-Birmingham,College,MLB,2017.0,,
210,Parker Mushinski,Texas Tech University,College,MLB,2017.0,,
211,Dalton Higgins,Dallas Baptist University,College,A,2017.0,,
212,Max Roberts,Wabash Valley College,College,AAA,2017.0,,
213,Chase Pinder,Clemson University,College,AAA,2017.0,,
214,Brad Bass,University of Notre Dame,College,AAA,2017.0,,
215,Logan Harasta,University at Buffalo,College,A-,2017.0,,
216,Conner O'Neil,Cal State Northridge,College,A+,2017.0,,
217,Ben Breazeale,Wake Forest University,College,A+,2017.0,,
218,Colton Laws,University of North Carolina-Charlotte,College,A+,2017.0,,
219,Zach Pop,University of Kentucky,College,MLB,2017.0,,
220,Tyler Esplin,"IMG Academy (Bradenton,FL)",HS,AA,2017.0,,
221,Kirk McCarty,University of Southern Mississippi,College,MLB,2017.0,,
222,Jackson Tetreault,State College of Florida Manatee-Sarasota,College,MLB,2017.0,,
223,Joel Urena,Monroe Community College,College,Rk,2017.0,,
224,Tyler Thomas,Fresno State University,College,AAA,2017.0,,
225,Bryan Sammons,Western Carolina University,College,AAA,2017.0,,
226,Connor Ryan,University of Illinois-Chicago,College,A,2017.0,,
227,Olivier Basabe,Faulkner University,College,AA,2017.0,,
228,Riley O'Brien,College of Idaho,College,MLB,2017.0,,
229,John Curtis,Lenoir–Rhyne University,College,A,2017.0,,
230,Brian Howard,Texas Christian University,College,AAA,2017.0,,
231,Tim Susnara,University of Oregon,College,AA,2017.0,,
232,Jhordany Mezquita,- (),HS,AA,2017.0,,
233,Jayson Rose,University of Utah,College,Rk,2017.0,,
234,Connor Riley,The University of South Carolina Aiken,College,A+,2017.0,,
235,Bret Boswell,University of Texas,College,AAA,2017.0,,
236,Sam Abbott,"Curtis (University Place,WA)",HS,A,2017.0,,
237,Blake Weiman,University of Kansas,College,AAA,2017.0,,
238,Jared Barnes,University of South Alabama,College,A,2017.0,,
239,Holden Capps,Central Oklahoma College,College,AA,2017.0,,
240,Corey Julks,University of Houston,College,MLB,2017.0,,
241,Kyle Zurak,Radford University,College,AA,2017.0,,
242,Billy Cooke,Coastal Carolina University,College,AAA,2017.0,,
243,Wilberto Rivera,"Carlos Beltran Baseball Academy (Florida,PR)",HS,Rk,2017.0,,
244,Max Green,Pepperdine University,College,AA,2017.0,,
245,John Gavin,Cal State Fullerton,College,AA,2017.0,,
246,Trey Cobb,Oklahoma State University,College,AAA,2017.0,,
247,Jimmy Murphy,Fordham University,College,A-,2017.0,,
248,Kacy Clemens,University of Texas,College,AA,2017.0,,
249,Rylan Bannon,Xavier,College,MLB,2017.0,,
250,Zach Sterry,Oakland University,College,A,2017.0,,
251,Eli Morgan,Gonzaga University,College,MLB,2017.0,,
252,Jared Brasher,Samford University,College,A,2017.0,,
253,Tyreque Reed,Itawamba Community College,College,AA,2017.0,,
254,Austin Filiere,The Massachusetts Institute of Technology,College,A,2017.0,,
255,Mark Contreras,University of California-Riverside,College,MLB,2017.0,,
256,Packy Naughton,Virginia Tech,College,MLB,2017.0,,
257,Alex Cunningham,Coastal Carolina University,College,A+,2017.0,,
258,Andrew Gist,University of Georgia,College,A,2017.0,,
259,Riley Delgado,Middle Tennessee State University,College,AA,2017.0,,
260,Jared Poche',Louisiana State University,College,A+,2017.0,,
261,Camden Duzenack,Dallas Baptist University,College,AAA,2017.0,,
262,Jack Zoellner,University of New Mexico,College,A-,2017.0,,
263,Dallas Carroll,University of Utah,College,A+,2017.0,,
264,Brett Hanewich,Stanford University,College,AA,2017.0,,
265,Sean Bouchard,"University of California, Los Angeles (UCLA)",College,MLB,2017.0,,
266,Craig Dedelow,Indiana University,College,AAA,2017.0,,
267,Bligh Madris,Colorado Mesa University,College,MLB,2017.0,,
268,Cameron Baranek,Hope International University,College,A+,2017.0,,
269,J.C. Cloney,University of Arizona,College,AA,2017.0,,
270,Michael Papierski,Louisiana State University,College,MLB,2017.0,,
271,Austin Gardner,University of Texas at Arlington,College,A-,2017.0,,
272,Jorge Benitez,"Leadership Christian Academy (Guaynabo,PR)",HS,AA,2017.0,,
273,Evan Kruczynski,East Carolina University,College,AAA,2017.0,,
274,Luke Burch,Kent State University,College,AA,2017.0,,
275,Aaron Phillips,St. Bonaventure University,College,AAA,2017.0,,
276,Cannon Chadwick,University of Arkansas,College,A,2017.0,,
277,TJ Nichting,University of North Carolina-Charlotte,College,AA,2017.0,,
278,Zach Logue,University of Kentucky,College,MLB,2017.0,,
279,Connor Strain,"Evansville, Indiana",College,A+,2017.0,,
280,Tanner Nishioka,Pomona-Pitzer Colleges,College,AA,2017.0,,
281,James Karinchak,Bryant University,College,MLB,2017.0,,
282,Alex Troop,Michigan State University,College,AAA,2017.0,,
283,Tanner Gardner,Texas Tech University,College,A,2017.0,,
284,Chris Carrier,University of Memphis,College,A,2017.0,,
285,Calvin Faucher,"University of California, Irvine",College,MLB,2017.0,,
286,Robby Howell,University of Central Florida,College,College,2017.0,,
287,Dominic Taccolini,University of Arkansas,College,Rk,2017.0,,
288,Phoenix Sanders,University of South Florida,College,MLB,2017.0,,
289,Jacob Belinda,Lock Haven University of Pennsylvania,College,A,2017.0,,
290,Ryan Grotjohn,Cal State Bakersfield,College,AA,2017.0,,
291,Connor Brogdon,Lewis–Clark State College,College,MLB,2017.0,,
292,Alec Bettinger,University of Virginia,College,MLB,2017.0,,
293,Daniel Procopio,Niagara University,College,AA,2017.0,,
294,Austin Bernard,Pepperdine University,College,A+,2017.0,,
295,J.B. Olson,University of Oklahoma,College,AAA,2017.0,,
296,Beau Sulser,Dartmouth College,College,MLB,2017.0,,
297,Denis Karas,University of California,College,A,2017.0,,
298,Jordan Floyd,Kansas State University,College,Rk,2017.0,,
299,Kyle Serrano,University of Tennessee,College,AA,2017.0,,
300,Chad Whitmer,Southern Illinois University,College,A+,2017.0,,
301,Randy Bell,University of South Alabama,College,A+,2017.0,,
302,Brett Seeburger,San Diego State University,College,A-,2017.0,,
303,Garrett McCain,Oklahoma State University,College,A,2017.0,,
304,Rob Calabrese,University of Illinois-Chicago,College,A,2017.0,,
305,Stephen Villines,University of Kansas,College,AAA,2017.0,,
306,Josh Keaton,Adams State University,College,A-,2017.0,,
307,Justin Dillon,Sacramento State,College,AAA,2017.0,,
308,Zach Reks,University of Kentucky,College,MLB,2017.0,,
309,Jordan Wren,Georgia Southern University,College,A+,2017.0,,
310,Jesse Berardi,St. John's University,College,A,2017.0,,
311,Trey Turner,Missouri State University,College,A,2017.0,,
312,John King,University of Houston,College,MLB,2017.0,,
313,Brian Glowicki,University of Minnesota,College,AA,2017.0,,
314,Casey Mize,Auburn University,College,MLB,2018.0,,
315,Joey Bart,Georgia Tech,College,MLB,2018.0,,
316,Alec Bohm,Wichita State University,College,MLB,2018.0,,
317,Nick Madrigal,Oregon State University,College,MLB,2018.0,,
318,Jonathan India,University of Florida,College,MLB,2018.0,,
319,Jarred Kelenic,"Waukesha West (Waukesha,WI)",HS,MLB,2018.0,,
320,Ryan Weathers,"Loretto (Loretto,TN)",HS,MLB,2018.0,,
321,Carter Stewart,"Eau Gallie (Melbourne,FL)",HS,Intl,2018.0,,
322,Kyler Murray,University of Oklahoma,College,College,2018.0,,
323,Travis Swaggerty,University of South Alabama,College,MLB,2018.0,,
324,Grayson Rodriguez,"Central Heights (Nacogdoches,TX)",HS,MLB,2018.0,,
325,Jordan Groshans,"Magnolia (Magnolia,TX)",HS,MLB,2018.0,,
326,Connor Scott,"Henry B. Plant (Tampa,FL)",HS,AA,2018.0,,
327,Logan Gilbert,Stetson University,College,MLB,2018.0,,
328,Cole Winn,"Orange Lutheran (Orange,CA)",HS,AAA,2018.0,,
329,Matthew Liberatore,"Mountain Ridge (Glendale,AZ)",HS,MLB,2018.0,,
330,Jordyn Adams,"Green Hope (Cary,NC)",HS,AAA,2018.0,,
331,Brady Singer,University of Florida,College,MLB,2018.0,,
332,Nolan Gorman,"Sandra Day O'Connor (Glendale,AZ)",HS,MLB,2018.0,,
333,Trevor Larnach,Oregon State University,College,MLB,2018.0,,
334,Brice Turang,"Santiago (Corona,CA)",HS,MLB,2018.0,,
335,Ryan Rolison,University of Mississippi,College,AAA,2018.0,,
336,Anthony Seigler,"Cartersville (Cartersville,GA)",HS,AA,2018.0,,
337,Nico Hoerner,Stanford University,College,MLB,2018.0,,
338,Matt McLain,"Arnold O. Beckman (Irvine,CA)",HS,MLB,2018.0,,
339,Triston Casas,"American Heritage (Plantation,FL)",HS,MLB,2018.0,,
340,Mason Denaburg,"Merritt Island (Merritt Island,FL)",HS,A,2018.0,,
341,Seth Beer,Clemson University,College,MLB,2018.0,,
342,Bo Naylor,"St. Joan of Arc (Mississauga,ON)",HS,MLB,2018.0,,
343,J.T. Ginn,"Brandon (Brandon,MS)",HS,AA,2018.0,,
344,Shane McClanahan,University of South Florida,College,MLB,2018.0,,
345,Nick Schnell,"Roncalli (Indianapolis,IN)",HS,A+,2018.0,,
346,Jackson Kowar,University of Florida,College,MLB,2018.0,,
347,Daniel Lynch,University of Virginia,College,MLB,2018.0,,
348,Ethan Hankins,"Forsyth Central (Cumming,GA)",HS,A+,2018.0,,
349,Gunnar Hoglund,"Fivay (Hudson,FL)",HS,A,2018.0,,
350,Cadyn Grenier,Oregon State University,College,AAA,2018.0,,
351,Xavier Edwards,"North Broward Prep (Coconut Creek,FL)",HS,MLB,2018.0,,
352,Jake McCarthy,University of Virginia,College,MLB,2018.0,,
353,Kris Bubic,Stanford University,College,MLB,2018.0,,
354,Lenny Torres,"The Beacon School (Beacon,NY)",HS,A+,2018.0,,
355,Grant Lavigne,"Bedford (Bedford,NH)",HS,AA,2018.0,,
356,Griffin Roberts,Wake Forest University,College,AA,2018.0,,
357,Parker Meadows,"Grayson (Loganville,GA)",HS,AAA,2018.0,,
358,Sean Hjelle,University of Kentucky,College,MLB,2018.0,,
359,Steele Walker,University of Oklahoma,College,MLB,2018.0,,
360,Lyon Richardson,"Jensen Beach (Jensen Beach,FL)",HS,AA,2018.0,,
361,Simeon Woods Richardson,"Kempner (Sugar Land,TX)",HS,MLB,2018.0,,
362,Greyson Jenista,Wichita State University,College,AAA,2018.0,,
363,Jameson Hannah,Dallas Baptist University,College,AAA,2018.0,,
364,Braxton Ashcraft,"Robinson (Robinson,TX)",HS,A+,2018.0,,
365,Griffin Conine,Duke University,College,AA,2018.0,,
366,Osiris Johnson,"Encinal (Alameda,CA)",HS,A+,2018.0,,
367,Josh Stowers,University of Louisville,College,AA,2018.0,,
368,Owen White,"Jesse C Carson (China Grove,NC)",HS,AA,2018.0,,
369,Tyler Frank,Florida Atlantic University,College,AA,2018.0,,
370,Jeremiah Jackson,"St. Luke's Episcopal (Mobile,AL)",HS,AA,2018.0,,
371,Jonathan Bowlan,University of Memphis,College,AA,2018.0,,
372,Ryan Jeffers,The University of North Carolina Wilmington,College,MLB,2018.0,,
373,Joe Gray,"Hattiesburg (Hattiesburg,MS)",HS,AA,2018.0,,
374,Josh Breaux,McLennan Community College,College,AAA,2018.0,,
375,Brennen Davis,"Basha (Chandler,AZ)",HS,AAA,2018.0,,
376,Alek Thomas,"Mount Carmel (Chicago,IL)",HS,MLB,2018.0,,
377,Nick Decker,"Seneca (Tabernacle,NJ)",HS,A+,2018.0,,
378,Tim Cate,University of Connecticut,College,AA,2018.0,,
379,Jayson Schroeder,"Juanita (Kirkland,WA)",HS,A,2018.0,,
380,Nick Sandlin,University of Southern Mississippi,College,MLB,2018.0,,
381,Michael Grove,West Virginia University,College,MLB,2018.0,,
382,Will Banfield,"Brookwood (Snellville,GA)",HS,AA,2018.0,,
383,Jeremy Eierman,Missouri State University,College,AA,2018.0,,
384,Tanner Dodson,University of California,College,AA,2018.0,,
385,Josiah Gray,Le Moyne College,College,MLB,2018.0,,
386,Micah Bello,"Hilo (Hilo,HI)",HS,A+,2018.0,,
387,Grant Little,Texas Tech University,College,A+,2018.0,,
388,Luken Baker,Texas Christian University,College,AAA,2018.0,,
389,Mitchell Kilkenny,Texas A&M University,College,AA,2018.0,,
390,Cole Roederer,"Hart (Newhall,CA)",HS,AA,2018.0,,
391,Paul Richan,University of San Diego,College,AA,2018.0,,
392,Kody Clemens,University of Texas,College,MLB,2018.0,,
393,Jake Wong,Grand Canyon University,College,AAA,2018.0,,
394,Konnor Pilkington,Mississippi State University,College,MLB,2018.0,,
395,Bren Spillane,University of Illinois,College,A+,2018.0,,
396,Carlos Cortes,University of South Carolina,College,AAA,2018.0,,
397,Owen Miller,Illinois State University,College,MLB,2018.0,,
398,Hogan Harris,University of Louisiana at Lafayette,College,MLB,2018.0,,
399,Connor Kaiser,Vanderbilt University,College,AAA,2018.0,,
400,Blaine Knight,University of Arkansas,College,AAA,2018.0,,
401,Adam Kloffenstein,"Magnolia (Magnolia,TX)",HS,AA,2018.0,,
402,Tristan Pompey,University of Kentucky,College,AAA,2018.0,,
403,Cal Raleigh,Florida State University,College,MLB,2018.0,,
404,Jonathan Ornelas,"Raymond S. Kellis (Glendale,AZ)",HS,AAA,2018.0,,
405,Ford Proctor,Rice University,College,MLB,2018.0,,
406,Aaron Hernandez,Texas A&M University–Corpus Christi,College,AAA,2018.0,,
407,Kyle Isbel,"The University of Nevada, Las Vegas",College,MLB,2018.0,,
408,Mateo Gil,"Timber Creek (Fort Worth,TX)",HS,AA,2018.0,,
409,Terrin Vavra,University of Minnesota,College,MLB,2018.0,,
410,Ryder Green,"Karns (Knoxville,TN)",HS,A,2018.0,,
411,Jimmy Herron,Duke University,College,AAA,2018.0,,
412,Jackson Goddard,University of Kansas,College,AA,2018.0,,
413,Durbin Feltman,Texas Christian University,College,AAA,2018.0,,
414,Reid Schaller,Vanderbilt University,College,AA,2018.0,,
415,Jeremy Pena,University of Maine,College,MLB,2018.0,,
416,Richie Palacios,Towson University,College,MLB,2018.0,,
417,John Rooney,Hofstra University,College,AA,2018.0,,
418,Kingston Liniak,"Mission Hills (San Marcos,CA)",HS,A,2018.0,,
419,Blake Rivera,Wallace State Community College,College,AA,2018.0,,
420,Colton Eastman,Cal State Fullerton,College,AAA,2018.0,,
421,Lency Delgado,"Doral Academy (Doral,FL)",HS,A,2018.0,,
422,Michael Siani,"William Penn Charter (Philadelphia,PA)",HS,MLB,2018.0,,
423,Adam Hill,University of South Carolina,College,AA,2018.0,,
424,Dylan Coleman,Missouri State University,College,MLB,2018.0,,
425,Tristan Beck,Stanford University,College,MLB,2018.0,,
426,Alfonso Rivas,University of Arizona,College,MLB,2018.0,,
427,Aaron Shortridge,University of California,College,AA,2018.0,,
428,Drew Rom,"Highlands (Fort Thomas,KY)",HS,AAA,2018.0,,
429,Sean Wymer,Texas Christian University,College,AA,2018.0,,
430,Nick Fortes,University of Mississippi,College,MLB,2018.0,,
431,Michael Plassmeyer,University of Missouri,College,MLB,2018.0,,
432,Mason Englert,"Forney (Forney,TX)",HS,MLB,2018.0,,
433,Grant Witherspoon,Tulane University,College,AAA,2018.0,,
434,Kyle Bradish,New Mexico State University,College,MLB,2018.0,,
435,Eric Cole,University of Arkansas,College,A+,2018.0,,
436,Steven Gingery,Texas Tech University,College,Rk,2018.0,,
437,DaShawn Keirsey,University of Utah,College,AA,2018.0,,
438,Aaron Ashby,Crowder College,College,MLB,2018.0,,
439,Ryan Feltner,Ohio State University,College,MLB,2018.0,,
440,Franklin German,University of North Florida ,College,MLB,2018.0,,
441,Ethan Roberts,Tennessee Tech University,College,MLB,2018.0,,
442,Ryan Weiss,Wright State University,College,AAA,2018.0,,
443,Kole Cottam,University of Kentucky,College,AAA,2018.0,,
444,Jake Irvin,University of Oklahoma,College,MLB,2018.0,,
445,Alex McKenna,Cal Poly,College,AAA,2018.0,,
446,Adam Scott,Wofford College,College,AAA,2018.0,,
447,Braydon Fisher,"Clear Falls (League City,TX)",HS,AA,2018.0,,
448,Adam Wolf,University of Louisville,College,AA,2018.0,,
449,Keaton Winn,Iowa Western Community College,College,AAA,2018.0,,
450,Matt Vierling,University of Notre Dame,College,MLB,2018.0,,
451,Jonathan Stiever,Indiana University,College,MLB,2018.0,,
452,Ryan Campbell,University of Illinois-Chicago,College,A,2018.0,,
453,Ryley Gilliam,Clemson University,College,AAA,2018.0,,
454,Dwanya Williams-Sutton,East Carolina University,College,AA,2018.0,,
455,Trey Riley,John A. Logan College,College,AA,2018.0,,
456,Brady Feigl,University of Mississippi,College,AAA,2018.0,,
457,Grant Koch,University of Arkansas,College,AAA,2018.0,,
458,Robert Neustrom,University of Iowa,College,AAA,2018.0,,
459,Chris Bec,University of Maine,College,AAA,2018.0,,
460,Chris Vallimont,Mercyhurst University,College,AAA,2018.0,,
461,Nolan Hoffman,Texas A&M University,College,AA,2018.0,,
462,Jayce Easley,"Sandra Day O'Connor (Glendale,AZ)",HS,A+,2018.0,,
463,Taj Bradley,"Redan (Stone Mountain,GA)",HS,MLB,2018.0,,
464,William Holmes,"Western International (Detroit,MI)",HS,Rk,2018.0,,
465,Austin Cox,Mercer University,College,MLB,2018.0,,
466,Nick Dunn,University of Maryland,College,AA,2018.0,,
467,Cole Sands,Florida State University,College,MLB,2018.0,,
468,Justin Jarvis,"Lake Norman (Lake Norman,NC)",HS,AA,2018.0,,
469,Jake Bird,"University of California, Los Angeles (UCLA)",College,MLB,2018.0,,
470,Brandon Lockridge,Troy University,College,AA,2018.0,,
471,Andy Weber,University of Virginia,College,AA,2018.0,,
472,Matt Mercer,University of Oregon,College,A+,2018.0,,
473,Thaddeus Ward,University of Central Florida,College,MLB,2018.0,,
474,Gage Canning,Arizona State University,College,AA,2018.0,,
475,Cody Deason,University of Arizona,College,AA,2018.0,,
476,Steven Kwan,Oregon State University,College,MLB,2018.0,,
477,Devin Mann,University of Louisville,College,AAA,2018.0,,
478,Hugh Smith,Whitworth University,College,A,2018.0,,
479,P.J. Hilson,"Nettleton (Jonesboro,AR)",HS,A,2018.0,,
480,Kendall Simmons,"Tattnall Square Academy (Macon,GA)",HS,A+,2018.0,,
481,Codi Heuer,Wichita State University,College,MLB,2018.0,,
482,Yomil Maysonet,"PJ Education School (Carolina,PR)",HS,A,2018.0,,
483,Nick Meyer,Cal Poly,College,AAA,2018.0,,
484,Alexuan Vega,"Leonides Morales Rodriguez (Lajas,PR)",HS,A+,2018.0,,
485,Andrew Moritz,University of North Carolina Greensboro,College,AA,2018.0,,
486,Lawrence Butler,"Westlake (Atlanta,GA)",HS,AA,2018.0,,
487,Michael Flynn,University of Arizona,College,A+,2018.0,,
488,Yeancarlos Lleras,"Leadership Christian Academy (Guaynabo,PR)",HS,A,2018.0,,
489,Addison Barger,"King (Tampa,FL)",HS,AAA,2018.0,,
490,Cameron Barstad,"Junipero Serra (San Mateo,CA)",HS,A+,2018.0,,
491,Joey O'Brien,Southern Nevada University,College,Rk,2018.0,,
492,Sean Chandler,Iowa Western Community College,College,AA,2018.0,,
493,Miller Hogan,Saint Louis University,College,AAA,2018.0,,
494,Austin Warren,The University of North Carolina Wilmington,College,MLB,2018.0,,
495,Zach Haake,University of Kentucky,College,AAA,2018.0,,
496,Edgar Gonzalez,Fresno State University,College,AAA,2018.0,,
497,Charles Mack,"Williamsville East (Williamsville,NY)",HS,A+,2018.0,,
498,Drew Rasmussen,Oregon State University,College,MLB,2018.0,,
499,Niko Decolati,Loyola Marymount University,College,AA,2018.0,,
500,Rodney Hutchison,University of North Carolina,College,AA,2018.0,,
501,Kohl Franklin,"Broken Arrow (Broken Arrow,OK)",HS,AA,2018.0,,
502,Ryan Miller,Clemson University,College,AA,2018.0,,
503,Devlin Granberg,Dallas Baptist University,College,AAA,2018.0,,
504,Andrew Karp,Florida State University,College,AA,2018.0,,
505,R.J. Freure,Pittsburgh University,College,AA,2018.0,,
506,Raynel Delgado,"Calvary Christian (Clearwater,FL)",HS,AAA,2018.0,,
507,Bryan Warzek,The University of New Orleans,College,AA,2018.0,,
508,Eric De La Rosa,Grossmont College,College,AA,2018.0,,
509,Edison Mora,"Puerto Rico Baseball Academy (Gurabo,PR)",HS,A+,2018.0,,
510,Gabriel Cotto,"Puerto Rico Baseball Academy (Gurabo,PR)",HS,A+,2018.0,,
511,Caberea Weaver,"South Gwinnett (Snellville,GA)",HS,A+,2018.0,,
512,Jay Schuyler,University of San Diego,College,AAA,2018.0,,
513,Kevin Smith,University of Georgia,College,AAA,2018.0,,
514,Jawuan Harris,Rutgers University,College,A+,2018.0,,
515,Brooks Wilson,Stetson University,College,AAA,2018.0,,
516,Charlie Cerny,University of Illinois-Chicago,College,A+,2018.0,,
517,Brett Kinneman,North Carolina State University,College,A,2018.0,,
518,J.J. Montgomery,University of Central Florida,College,A-,2018.0,,
519,Nick Podkul,University of Notre Dame,College,AAA,2018.0,,
520,Cason Sherrod,Texas A&M University,College,A+,2018.0,,
521,Jake Anchia,Nova Southeastern University,College,AAA,2018.0,,
522,Tim Brennan,Saint Joseph's University,College,AA,2018.0,,
523,Joe Ryan,"California State University, Stanislaus",College,MLB,2018.0,,
524,Andrew Wantz,University of North Carolina Greensboro,College,MLB,2018.0,,
525,Tyler Gray,University of Central Arkansas,College,A,2018.0,,
526,Brendan Donovan,University of South Alabama,College,MLB,2018.0,,
527,Josh Winder,Virginia Military Institute,College,MLB,2018.0,,
528,David Fry,Northwestern State University,College,MLB,2018.0,,
529,Andrew Quezada,Cal State Fullerton,College,AA,2018.0,,
530,Daniel Bies,Gonzaga University,College,AAA,2018.0,,
531,DJ Artis,Liberty University,College,AAA,2018.0,,
532,Travis Moths,Tennessee Tech University,College,A+,2018.0,,
533,Jarren Duran,Long Beach State University,College,MLB,2018.0,,
534,Chandler Day,Vanderbilt University,College,A,2018.0,,
535,Cesar Salazar,University of Arizona,College,MLB,2018.0,,
536,Cody Morris,University of South Carolina,College,MLB,2018.0,,
537,James Outman,Sacramento State,College,MLB,2018.0,,
538,Jeremiah Burks,Fresno State University,College,A+,2018.0,,
539,Solomon Bates,University of Southern California,College,AA,2018.0,,
540,Seth Lancaster,Coastal Carolina University,College,A,2018.0,,
541,Andrew Perez,University of South Florida,College,AAA,2018.0,,
542,Matt Pidich,Pittsburgh University,College,AAA,2018.0,,
543,Tylor Megill,University of Arizona,College,MLB,2018.0,,
544,Steven Wilson,Santa Clara University,College,MLB,2018.0,,
545,AJ Graffanino,University of Washington,College,AAA,2018.0,,
546,JJ Schwarz,University of Florida,College,AAA,2018.0,,
547,Zach Spears,"Miami University - Oxford, Ohio",College,A-,2018.0,,
548,Ryan Conroy,Elon University,College,AAA,2018.0,,
549,Joey Murray,Kent State University,College,AA,2018.0,,
550,Peyton Culbertson,Arkansas State University,College,A,2018.0,,
551,Joey Gerber,University of Illinois,College,MLB,2018.0,,
552,Jax Biggers,University of Arkansas,College,AAA,2018.0,,
553,Michael Berglund,Cisco Junior College,College,AA,2018.0,,
554,Tyler Smith,Canisius College,College,A+,2018.0,,
555,Jackson Lueck,Florida State University,College,A+,2018.0,,
556,Lars Nootbaar,University of Southern California,College,MLB,2018.0,,
557,Chris Williams,Clemson University,College,AAA,2018.0,,
558,Luis Gonzalez,"PJ Education School (Carolina,PR)",HS,Rk,2018.0,,
559,Nick Bush,Louisiana State University,College,AA,2018.0,,
560,Connor Van Hoose,Bucknell University,College,Rk,2018.0,,
561,Zach Mort,George Mason University,College,A+,2018.0,,
562,Levi Kelly,"IMG Academy (Bradenton,FL)",HS,AA,2018.0,,
563,Elih Marrero,St. Thomas University,College,AA,2018.0,,
564,Tyler Cropley,University of Iowa,College,AA,2018.0,,
565,Austin Hansen,University of Oklahoma,College,AAA,2018.0,,
566,Alex Royalty,The University of North Carolina Wilmington,College,AA,2018.0,,
567,Luke Heyer,University of Kentucky,College,A+,2018.0,,
568,Tarik Skubal,Seattle University,College,MLB,2018.0,,
569,Ben Madison,Central Baptist College,College,A+,2018.0,,
570,Dominic Pipkin,"Pinole Valley (Pinole,CA)",HS,A+,2018.0,,
571,Gunnar Troutwine,Wichita State University,College,AA,2018.0,,
572,Andrew McDonald,Virginia Tech,College,A,2018.0,,
573,Bryce Montes de Oca,University of Missouri,College,MLB,2018.0,,
574,Luke Becker,University of Kentucky,College,A,2018.0,,
575,Ryan Shetter,Texas Tech University,College,A+,2018.0,,
576,Chase Cohen,Georgia Southern University,College,AAA,2018.0,,
577,Logan Stoelke,University of Louisiana at Lafayette,College,A+,2018.0,,
578,Kevin Magee,St. John's University,College,A+,2018.0,,
579,Jake Brodt,Santa Clara University,College,AA,2018.0,,
580,Jake Walters,Alabama,College,AAA,2018.0,,
581,Keegan McGovern,University of Georgia,College,AA,2018.0,,
582,Chandler Sanburn,Wichita State University,College,A-,2018.0,,
583,Nick Lee,University of Louisiana at Lafayette,College,A-,2018.0,,
584,Jake Lee,Oakland University,College,AAA,2018.0,,
585,Kevon Jackson,"Queen Creek (Queen Creek,AZ)",HS,Rk,2018.0,,
586,Matt Duce,Dallas Baptist University,College,A-,2018.0,,
587,Willie Joe Garry,"Pascagoula (Pascagoula,MS)",HS,A+,2018.0,,
588,Arbert Cipion,"Passaic (Passaic,NJ)",HS,A+,2018.0,,
589,Willie MacIver,University of Washington,College,AAA,2018.0,,
590,Mick Vorhof,Grand Canyon University,College,Rk,2018.0,,
591,Derek Casey,University of Virginia,College,A+,2018.0,,
592,Tyler Holton,Florida State University,College,MLB,2018.0,,
593,Brian Brown,North Carolina State University,College,A-,2018.0,,
594,Tanner Driskill,Lamar University,College,A+,2018.0,,
595,Scott Schreiber,University of Nebraska,College,AA,2018.0,,
596,Brian Eichhorn,Georgia Southern University,College,A+,2018.0,,
597,Josh McLain,North Carolina State University,College,A,2018.0,,
598,Brock Deatherage,North Carolina State University,College,A+,2018.0,,
599,Alex DuBord,Faulkner University,College,A-,2018.0,,
600,Madison Stokes,University of South Carolina,College,AAA,2018.0,,
601,Bennett Sousa,University of Virginia,College,MLB,2018.0,,
602,AJ Moore,Kennesaw State University,College,Rk,2018.0,,
603,Manny Rodriguez,University of Cincinnati,College,AAA,2018.0,,
604,Jose Quezada,Texas Tech University,College,AAA,2018.0,,
605,Brett Langhorne,Carson-Newman University,College,A+,2018.0,,
606,Clark Cota,The University of North Carolina Wilmington,College,A,2018.0,,
607,Mike Gretler,Oregon State University,College,A+,2018.0,,
608,Dallas Litscher,Saint Catharine College,College,A,2018.0,,
609,Cal Stevenson,University of Arizona,College,MLB,2018.0,,
610,Tanner Andrews,Purdue University,College,AAA,2018.0,,
611,Matt Sanders,Troy University,College,AA,2018.0,,
612,Leury Tejada,"Walton (Marietta,GA)",HS,A+,2018.0,,
613,Alan Strong,"The University of Nevada, Las Vegas",College,AAA,2018.0,,
614,Ben Morrison,Western Kentucky University,College,A+,2018.0,,
615,Austin Lambright,Central Oklahoma College,College,A+,2018.0,,
616,Kevin Woodall,Coastal Carolina University,College,A-,2018.0,,
617,Regi Grace,"Madison Central (Madison,MS)",HS,A+,2018.0,,
618,J.T. Hintzen,Florida Southern College,College,AA,2018.0,,
619,Cade Harris,University of Oklahoma,College,A+,2018.0,,
620,Josh Maciejewski,University of North Carolina-Charlotte,College,AAA,2018.0,,
621,Luke Reynolds,University of Southern Mississippi,College,A+,2018.0,,
622,Nick Dalesandro,Purdue University,College,AA,2018.0,,
623,Grant Williams,Kennesaw State University,College,AAA,2018.0,,
624,Carson Shaddy,University of Arkansas,College,A-,2018.0,,
625,Chandler Taylor,Alabama,College,AAA,2018.0,,
626,Robert Broom,Mercer University,College,AAA,2018.0,,
627,Deacon Liput,University of Florida,College,AAA,2018.0,,
628,Adley Rutschman,Oregon State University,College,MLB,2019.0,,
629,Bobby Witt,"Colleyville Heritage (Colleyville,TX)",HS,MLB,2019.0,,
630,Andrew Vaughn,University of California,College,MLB,2019.0,,
631,JJ Bleday,Vanderbilt University,College,MLB,2019.0,,
632,Riley Greene,"Hagerty (Oviedo,FL)",HS,MLB,2019.0,,
633,CJ Abrams,"Blessed Trinity Catholic (Roswell,GA)",HS,MLB,2019.0,,
634,Nick Lodolo,Texas Christian University,College,MLB,2019.0,,
635,Josh Jung,Texas Tech University,College,MLB,2019.0,,
636,Shea Langeliers,Baylor University,College,MLB,2019.0,,
637,Hunter Bishop,Arizona State University,College,A+,2019.0,,
638,Alek Manoah,West Virginia University,College,MLB,2019.0,,
639,Brett Baty,"Lake Travis (Austin,TX)",HS,MLB,2019.0,,
640,Keoni Cavaco,"Eastlake (Chula Vista,CA)",HS,A+,2019.0,,
641,Bryson Stott,"The University of Nevada, Las Vegas",College,MLB,2019.0,,
642,Will Wilson,North Carolina State University,College,AAA,2019.0,,
643,Corbin Carroll,"Lakeside (Nine Mile,WA)",HS,MLB,2019.0,,
644,Jackson Rutledge,San Jacinto College: Central Campus,College,AA,2019.0,,
645,Quinn Priester,"Cary Grove (Cary,IL)",HS,AAA,2019.0,,
646,Zack Thompson,University of Kentucky,College,MLB,2019.0,,
647,George Kirby,Elon University,College,MLB,2019.0,,
648,Braden Shewmake,Texas A&M University,College,MLB,2019.0,,
649,Greg Jones,The University of North Carolina Wilmington,College,AAA,2019.0,,
650,Michael Toglia,"University of California, Los Angeles (UCLA)",College,MLB,2019.0,,
651,Daniel Espino,"Georgia Premier Academy (Statesboro,GA)",HS,AA,2019.0,,
652,Kody Hoese,Tulane University,College,AA,2019.0,,
653,Blake Walston,"New Hanover (Wilmington,NC)",HS,AAA,2019.0,,
654,Ryan Jensen,Fresno State University,College,AA,2019.0,,
655,Ethan Small,Mississippi State University,College,MLB,2019.0,,
656,Logan Davidson,Clemson University,College,AA,2019.0,,
657,Anthony Volpe,"Delbarton (Morristown,NJ)",HS,MLB,2019.0,,
658,Michael Busch,University of North Carolina,College,MLB,2019.0,,
659,Korey Lee,University of California,College,MLB,2019.0,,
660,Brennan Malone,"IMG Academy (Bradenton,FL)",HS,A,2019.0,,
661,Drey Jameson,Ball State University,College,MLB,2019.0,,
662,Kameron Misner,University of Missouri,College,AAA,2019.0,,
663,JJ Goss,"Cypress Ranch (Cypress,TX)",HS,A+,2019.0,,
664,Sammy Siani,"William Penn Charter (Philadelphia,PA)",HS,A+,2019.0,,
665,T.J. Sikkema,University of Missouri,College,AA,2019.0,,
666,Matt Wallner,University of Southern Mississippi,College,MLB,2019.0,,
667,Seth Johnson,Campbell University,College,A+,2019.0,,
668,Davis Wendzel,Baylor University,College,AAA,2019.0,,
669,Gunnar Henderson,"John T. Morgan Academy (Selma,AL)",HS,MLB,2019.0,,
670,Cam Cannon,University of Arizona,College,AAA,2019.0,,
671,Brady McConnell,University of Florida,College,A,2019.0,,
672,Matthew Thompson,"Cypress Ranch (Cypress,TX)",HS,AA,2019.0,,
673,Nasim Nunez,"Collins Hill (Suwanee,GA)",HS,AA,2019.0,,
674,Nick Quintana,University of Arizona,College,AA,2019.0,,
675,Joshua Mears,"Federal Way (Federal Way,WA)",HS,AA,2019.0,,
676,Rece Hinds,"IMG Academy (Bradenton,FL)",HS,AA,2019.0,,
677,Ryan Garcia,"University of California, Los Angeles (UCLA)",College,AA,2019.0,,
678,Logan Wyatt,University of Louisville,College,A+,2019.0,,
679,Kendall Williams,"IMG Academy (Bradenton,FL)",HS,A+,2019.0,,
680,Josh Wolf,"St. Thomas Catholic (Houston,TX)",HS,A+,2019.0,,
681,Matt Canterino,Rice University,College,AA,2019.0,,
682,Kyren Paris,"Freedom (Oakley,CA)",HS,AA,2019.0,,
683,Ryne Nelson,University of Oregon,College,MLB,2019.0,,
684,Matt Gorski,Indiana University,College,AAA,2019.0,,
685,Tre Fletcher,"Deering (Portland,ME)",HS,A,2019.0,,
686,Brandon Williamson,Texas Christian University,College,MLB,2019.0,,
687,Beau Philip,Oregon State University,College,AA,2019.0,,
688,John Doxakis,Texas A&M University,College,AA,2019.0,,
689,Aaron Schunk,University of Georgia,College,AAA,2019.0,,
690,Yordys Valdes,"McArthur (Hollywood,FL)",HS,A+,2019.0,,
691,Chase Strumpf,"University of California, Los Angeles (UCLA)",College,AAA,2019.0,,
692,Antoine Kelly,Wabash Valley College,College,AA,2019.0,,
693,Tyler Baum,University of North Carolina,College,A+,2019.0,,
694,Josh H. Smith,Louisiana State University,College,MLB,2019.0,,
695,Grae Kessinger,University of Mississippi,College,AAA,2019.0,,
696,Matthew Lugo,"Carlos Beltran Baseball Academy (Florida,PR)",HS,AA,2019.0,,
697,Alec Marsh,Arizona State University,College,AAA,2019.0,,
698,Kyle Stowers,Stanford University,College,MLB,2019.0,,
699,Jared Triolo,University of Houston,College,AAA,2019.0,,
700,Logan Driscoll,George Mason University,College,AA,2019.0,,
701,Tommy Henry,University of Michigan,College,MLB,2019.0,,
702,Dominic Fletcher,University of Arkansas,College,MLB,2019.0,,
703,Isaiah Campbell,University of Arkansas,College,AA,2019.0,,
704,Karl Kauffmann,University of Michigan,College,MLB,2019.0,,
705,Jimmy Lewis,"Lake Travis (Austin,TX)",HS,A,2019.0,,
706,Zach Watson,Louisiana State University,College,AA,2019.0,,
707,Grant Gambrell,Oregon State University,College,AA,2019.0,,
708,Andrew Dalquist,"Redondo Union (Redondo Beach,CA)",HS,AA,2019.0,,
709,Peyton Burdick,Wright State University,College,MLB,2019.0,,
710,Andre Lipcius,University of Tennessee,College,AAA,2019.0,,
711,Hudson Head,"Churchill (San Antonio,TX)",HS,A+,2019.0,,
712,Tyler Callihan,"Providence School (Jacksonville,FL)",HS,A+,2019.0,,
713,Justin Slaten,University of New Mexico,College,AA,2019.0,,
714,Grant McCray,"Lakewood Ranch (Bradenton,FL)",HS,A+,2019.0,,
715,Dasan Brown,"Abbey Park (Oakville,ON)",HS,A+,2019.0,,
716,Matt Allan,"Seminole (Sanford,FL)",HS,A-,2019.0,,
717,Spencer Steer,University of Oregon,College,MLB,2019.0,,
718,Jamari Baylor,"Benedictine (Richmond,VA)",HS,A+,2019.0,,
719,Jack Kochanowicz,"Harriton (Bryn Mawr,PA)",HS,AA,2019.0,,
720,Tristin English,Georgia Tech,College,AAA,2019.0,,
721,Drew Mendoza,Florida State University,College,AA,2019.0,,
722,Matt Fraizer,University of Arizona,College,AA,2019.0,,
723,Tony Locey,University of Georgia,College,AA,2019.0,,
724,Levi Stoudt,Lehigh University,College,MLB,2019.0,,
725,Michael Harris,"Stockbridge (Stockbridge,GA)",HS,MLB,2019.0,,
726,Shane Sasaki,"Iolani (Honolulu,HI)",HS,A+,2019.0,,
727,Jacob Wallace,Texas A&M University,College,AA,2019.0,,
728,Joe Naranjo,"Ayala (Chino Hills,CA)",HS,AA,2019.0,,
729,Ryan Pepiot,Butler University,College,MLB,2019.0,,
730,Michael McAvene,University of Louisville,College,AA,2019.0,,
731,Marcus Smith,"Pembroke Hill (Kansas City,MO)",HS,A+,2019.0,,
732,Jake Sanford,Western Kentucky University,College,A+,2019.0,,
733,Jordan Brewer,University of Michigan,College,AA,2019.0,,
734,Ryan Zeferjahn,University of Kansas,College,AA,2019.0,,
735,Joey Ortiz,New Mexico State University,College,MLB,2019.0,,
736,Michael Massey,University of Illinois,College,MLB,2019.0,,
737,James Beard,"Loyd Star Attendance Center (Lincoln,MS)",HS,A+,2019.0,,
738,Evan Edwards,North Carolina State University,College,AA,2019.0,,
739,Ryan Kreidler,"University of California, Los Angeles (UCLA)",College,MLB,2019.0,,
740,Matt Brash,Niagara University,College,MLB,2019.0,,
741,Ivan Johnson,Chipola College,College,AA,2019.0,,
742,Cody Freeman,"Etiwanda (Etiwanda,CA)",HS,A+,2019.0,,
743,Tyler Fitzgerald,University of Louisville,College,AAA,2019.0,,
744,Will Robertson,Creighton University,College,AA,2019.0,,
745,Jake Mangum,Mississippi State University,College,AAA,2019.0,,
746,Seth Gray,Wright State University,College,AAA,2019.0,,
747,Erik Miller,Stanford University,College,AAA,2019.0,,
748,Erik Rivera,"Puerto Rico Baseball Academy (Gurabo,PR)",HS,A,2019.0,,
749,Glenallen Hill,"Santa Cruz (Santa Cruz,CA)",HS,A,2019.0,,
750,Matt Cronin,University of Arkansas,College,AAA,2019.0,,
751,J.C. Flowers,Florida State University,College,AAA,2019.0,,
752,Andre Pallante,"University of California, Irvine",College,MLB,2019.0,,
753,Tim Elliott,University of Georgia,College,A+,2019.0,,
754,Kasey Kalich,Texas A&M University,College,AAA,2019.0,,
755,Graeme Stinson,Duke University,College,AA,2019.0,,
756,Brenton Doyle,Shepherd University,College,MLB,2019.0,,
757,Christian Cairo,"Calvary Christian (Clearwater,FL)",HS,A+,2019.0,,
758,Brandon Lewis,"University of California, Irvine",College,AA,2019.0,,
759,Chris Clarke,University of Southern California,College,AAA,2019.0,,
760,Nick Kahle,University of Washington,College,AAA,2019.0,,
761,Kyle McCann,Georgia Tech,College,AAA,2019.0,,
762,Jake Agnos,East Carolina University,College,A-,2019.0,,
763,Colin Barber,"Pleasant Valley (Chico,CA)",HS,AA,2019.0,,
764,Noah Song,The United States Naval Academy,College,A-,2019.0,,
765,Darell Hernaiz,"Americas (El Paso,TX)",HS,AA,2019.0,,
766,John Rave,Illinois State University,College,AAA,2019.0,,
767,Dan Metzdorf,Boston College,College,A+,2019.0,,
768,Evan Fitterer,"Aliso Niguel (Aliso Viejo,CA)",HS,AA,2019.0,,
769,Bryant Packard,East Carolina University,College,AA,2019.0,,
770,Chris Lincoln,"The University of California, Santa Barbara",College,A+,2019.0,,
771,Evan Kravetz,Rice University,College,AA,2019.0,,
772,Kellen Strahm,San Jose State University,College,AA,2019.0,,
773,Garrett Frechette,"Orange Lutheran (Orange,CA)",HS,A,2019.0,,
774,Tanner Morris,University of Virginia,College,AAA,2019.0,,
775,Nate Jones,Northwestern State University,College,A+,2019.0,,
776,Will Holland,Auburn University,College,AA,2019.0,,
777,Gunner Mayer,San Joaquin Delta College,College,A+,2019.0,,
778,Garrett Stallings,University of Tennessee,College,AA,2019.0,,
779,Conor Grammes,Xavier,College,AA,2019.0,,
780,Tyler Dyson,University of Florida,College,A+,2019.0,,
781,Grant Ford,University of Nevada,College,AAA,2019.0,,
782,Connor Thomas,Georgia Tech,College,AAA,2019.0,,
783,Austin Shenton,Florida International University,College,AA,2019.0,,
784,Stephen Paolini,"St. Joseph (Trumbull,CT)",HS,A+,2019.0,,
785,Ben Brecht,"The University of California, Santa Barbara",College,A+,2019.0,,
786,Will Ethridge,University of Mississippi,College,AA,2019.0,,
787,Hunter Gaddis,Georgia State University,College,MLB,2019.0,,
788,Jack Little,Stanford University,College,AA,2019.0,,
789,Josh Burgmann,University of Washington,College,A-,2019.0,,
790,Thomas Dillard,University of Mississippi,College,AA,2019.0,,
791,Jalen Greer,"St. Rita of Cascia (Chicago,IL)",HS,AA,2019.0,,
792,Ken Waldichuk,St. Mary's College of California,College,MLB,2019.0,,
793,Hunter Brown,Wayne State University,College,MLB,2019.0,,
794,Jaxx Groshans,University of Kansas,College,A+,2019.0,,
795,Maverick Handley,Stanford University,College,AAA,2019.0,,
796,Dante Biasi,Penn State University,College,AA,2019.0,,
797,Avery Weems,University of Arizona,College,AA,2019.0,,
798,M.D. Johnson,Dallas Baptist University,College,AA,2019.0,,
799,Cooper Johnson,University of Mississippi,College,AA,2019.0,,
800,Drake Fellows,Vanderbilt University,College,A,2019.0,,
801,Graham Ashcraft,University of Alabama-Birmingham,College,MLB,2019.0,,
802,Cody Bradford,Baylor University,College,MLB,2019.0,,
803,Dilan Rosario,"Leadership Christian Academy (Guaynabo,PR)",HS,AAA,2019.0,,
804,Cam Eden,University of California,College,AAA,2019.0,,
805,Zach Ashford,Fresno State University,College,AA,2019.0,,
806,Sawyer Gipson-Long,Mercer University,College,AA,2019.0,,
807,Andrew Schultz,University of Tennessee,College,AA,2019.0,,
808,Zach Peek,Winthrop University,College,AA,2019.0,,
809,Andrew Saalfrank,Indiana University,College,AA,2019.0,,
810,Jackson Cluff,Brigham Young University ,College,AA,2019.0,,
811,William Matthiessen,Stanford University,College,AA,2019.0,,
812,Pedro Pages,Florida Atlantic University,College,AAA,2019.0,,
813,Michael Limoncelli,"Horseheads (Horseheads,NY)",HS,A+,2019.0,,
814,Tanner Gordon,Indiana University,College,AAA,2019.0,,
815,Colby White,Mississippi State University,College,AAA,2019.0,,
816,Gavin Hollowell,St. John's University,College,MLB,2019.0,,
817,Jordan Brown,"Junipero Serra (Gardena,CA)",HS,A,2019.0,,
818,Aaron Ochsenbein,Eastern Kentucky University,College,AAA,2019.0,,
819,Ethan Hearn,"Mobile Christian (Mobile,AL)",HS,A+,2019.0,,
820,Nick Bennett,University of Louisville,College,AAA,2019.0,,
821,Seth Shuman,Georgia Southern University,College,A+,2019.0,,
822,Hayden Wesneski,Sam Houston State University,College,MLB,2019.0,,
823,Matthew Barefoot,Campbell University,College,AA,2019.0,,
824,Chris Murphy,University of San Diego,College,AAA,2019.0,,
825,Johnny Rizer,Texas Christian University,College,AAA,2019.0,,
826,Noah Murdock,University of Virginia,College,AA,2019.0,,
827,Karan Patel,The University of Texas at San Antonio,College,AA,2019.0,,
828,Bryan Hoeing,University of Louisville,College,MLB,2019.0,,
829,Zack Hess,Louisiana State University,College,AA,2019.0,,
830,Connor Lehmann,Saint Louis University,College,A+,2019.0,,
831,Eric Yang,"The University of California, Santa Barbara",College,AAA,2019.0,,
832,Brandon Sproat,"Pace (Pace,FL)",HS,College,2019.0,,
833,Armani Smith,"The University of California, Santa Barbara",College,AA,2019.0,,
834,LJ Talley,University of Georgia,College,AAA,2019.0,,
835,Luke Ritter,Wichita State University,College,AAA,2019.0,,
836,Anthony Prato,University of Connecticut,College,AA,2019.0,,
837,Brett Schulze,University of Minnesota,College,AA,2019.0,,
838,Davis Daniel,Auburn University,College,AAA,2019.0,,
839,Spencer Brickhouse,East Carolina University,College,A+,2019.0,,
840,Todd Peterson,Louisiana State University,College,A+,2019.0,,
841,Blake Sabol,University of Southern California,College,MLB,2019.0,,
842,Jack Ralston,"University of California, Los Angeles (UCLA)",College,AA,2019.0,,
843,Adam Macko,"Vauxhall (Crowsnest pass,AB)",HS,A+,2019.0,,
844,Darius Vines,Cal State Bakersfield,College,AAA,2019.0,,
845,Jake Guenther,Texas Christian University,College,A+,2019.0,,
846,Jared Horn,University of California,College,Rk,2019.0,,
847,Xzavion Curry,Georgia Tech,College,MLB,2019.0,,
848,Nick Robertson,James Madison University ,College,AAA,2019.0,,
849,Brad Deppermann,University of North Florida ,College,A+,2019.0,,
850,Gabe Holt,Texas Tech University,College,AA,2019.0,,
851,Drew Millas,Missouri State University,College,AAA,2019.0,,
852,Nick Paciorek,Northwestern University,College,A+,2019.0,,
853,Blair Henley,University of Texas,College,AA,2019.0,,
854,Brock Bell,State College of Florida Manatee-Sarasota,College,A+,2019.0,,
855,Griffin McLarty,College of Charleston,College,AA,2019.0,,
856,Drew Parrish,Florida State University,College,AAA,2019.0,,
857,Ivan Gonzalez,West Virginia University,College,AA,2019.0,,
858,Tevin Mitchell,"The University of California, Santa Barbara",College,AAA,2019.0,,
859,Jack Kenley,University of Arkansas,College,AA,2019.0,,
860,Andrew Mitchel,San Jose State University,College,Indy,2019.0,,
861,Quin Cotton,Grand Canyon University,College,AA,2019.0,,
862,John Matthews,Kent State University,College,AA,2019.0,,
863,Caleb Kilian,Texas Tech University,College,MLB,2019.0,,
864,Angel Camacho,Jacksonville University,College,Rk,2019.0,,
865,Connor Wollersheim,Kent State University,College,A,2019.0,,
866,Casey Legumina,Gonzaga University,College,MLB,2019.0,,
867,Nate Fassnacht,The George Washington University,College,AAA,2019.0,,
868,Kyle Brnovich,Elon University,College,AAA,2019.0,,
869,Dominic Canzone,Ohio State University,College,AAA,2019.0,,
870,Jeremy Ydens,"University of California, Los Angeles (UCLA)",College,A+,2019.0,,
871,Austin Roberts,Sacramento State,College,AAA,2019.0,,
872,Logan Gragg,Oklahoma State University,College,AA,2019.0,,
873,Ty Adcock,Elon University,College,AA,2019.0,,
874,Ricky DeVito,Seton Hall University,College,AA,2019.0,,
875,Nathan Wiles,University of Oklahoma,College,AAA,2019.0,,
876,Jacob Kostyshock,University of Arkansas,College,AA,2019.0,,
877,Will Brennan,Kansas State University,College,MLB,2019.0,,
878,Ryan Ward,Bryant University,College,AAA,2019.0,,
879,DJ Herz,"Terry Sanford (Fayetteville,NC)",HS,AA,2019.0,,
880,David Hamilton,University of Texas,College,AAA,2019.0,,
881,Jose Dicochea,"Sahuarita (Sahuarita,AZ)",HS,A,2019.0,,
882,Zach Greene,University of South Alabama,College,AAA,2019.0,,
883,Luis Guerrero,Miami Dade College,College,AA,2019.0,,
884,Wil Dalton,University of Florida,College,AA,2019.0,,
885,Connor Gillispie,Virginia Commonwealth University,College,AA,2019.0,,
886,Clay Dungan,Indiana State University,College,AAA,2019.0,,
887,Tyson Messer,Campbell University,College,A,2019.0,,
888,Evan Brabrand,Liberty University,College,A+,2019.0,,
889,Austin Bergner,University of North Carolina,College,AAA,2019.0,,
890,Jason Blanchard,Lamar University,College,AA,2019.0,,
891,TJ Hopkins,University of South Carolina,College,MLB,2019.0,,
892,Zak Kent,Virginia Military Institute,College,AAA,2019.0,,
893,Simon Whiteman,Yale University,College,AA,2019.0,,
894,Phil Clarke,Vanderbilt University,College,AA,2019.0,,
895,Joe Genord,University of South Florida,College,A+,2019.0,,
896,Brent Headrick,Illinois State University,College,MLB,2019.0,,
897,Rudy Rott,Ohio University,College,A+,2019.0,,
898,Zach Linginfelter,University of Tennessee,College,AA,2019.0,,
899,Bobby Ay,Cal Poly,College,A+,2019.0,,
900,Hunter McMahon,Texas State University,College,AA,2019.0,,
901,Ethan Paul,Vanderbilt University,College,AAA,2019.0,,
902,Todd Lott,University of Louisiana at Lafayette,College,AA,2019.0,,
903,Mike Salvatore,Florida State University,College,AA,2019.0,,
904,Cody Milligan,Cowley College,College,AA,2019.0,,
905,Evan McKendry,University of Miami,College,AAA,2019.0,,
906,Isaac Collins,Creighton University,College,AAA,2019.0,,
907,Will Bartlett,"IMG Academy (Bradenton,FL)",HS,A+,2019.0,,
908,Alec Gamboa,Fresno City College,College,AA,2019.0,,
909,Tyler Schlaffer,"Homewood-Flossmoor (Flossmoor,IL)",HS,A+,2019.0,,
910,Darrien Miller,"Clovis (Clovis,CA)",HS,A+,2019.0,,
911,Colin Peluse,Wake Forest University,College,AAA,2019.0,,
912,Spencer Henson,Oral Roberts University,College,A+,2019.0,,
913,Peyton Battenfield,Oklahoma State University,College,MLB,2019.0,,
914,Cody Scroggins,University of Arkansas,College,AA,2019.0,,
915,Jordan Cannon,Sam Houston State University,College,A,2019.0,,
916,Anthony Veneziano,Coastal Carolina University,College,AAA,2019.0,,
917,Nate Pawelczyk,Winthrop University,College,Rk,2019.0,,
918,J.D. Orr,Wright State University,College,AAA,2019.0,,
919,Jake Holton,Creighton University,College,AA,2019.0,,
920,Ethan Elliott,Lincoln Memorial University,College,AA,2019.0,,
921,Jake Stevenson,University of Minnesota,College,A+,2019.0,,
922,Joe Corbett,West Texas A&M University,College,AA,2019.0,,
923,Jeff Houghtby,University of San Diego,College,A-,2019.0,,
924,Glenn Santiago,"International Baseball Academy (Ceiba,PR)",HS,A+,2019.0,,
925,Scott Ota,University of Illinois-Chicago,College,A+,2019.0,,
926,Ben Gross,Duke University,College,AA,2019.0,,
927,McCarthy Tatum,Fresno State University,College,AA,2019.0,,
928,Chad Sykes,University of North Carolina Greensboro,College,A+,2019.0,,
929,Oscar Santos,"PJ Education School (Carolina,PR)",HS,A,2019.0,,
930,Andrew Pratt,Lubbock Christian University,College,A+,2019.0,,
931,Cameron Junker,University of Notre Dame,College,AA,2019.0,,
932,Jake Sommers,University of Wisconsin-Milwaukee,College,A+,2019.0,,
933,Kyle Hill,Baylor University,College,AAA,2019.0,,
934,Brandon Parker,Mississippi Gulf Coast Community College,College,A+,2019.0,,
935,Jonathan Embry,Liberty University,College,A,2019.0,,
936,Jack Yalowitz,University of Illinois,College,A,2019.0,,
937,Zach Hart,Franklin Pierce University,College,AA,2019.0,,
938,Zac Ching,Virginia Commonwealth University,College,A+,2019.0,,
939,Wyatt Hendrie,Antelope Valley College,College,A+,2019.0,,
940,Taylor Floyd,Texas Tech University,College,AA,2019.0,,
941,Patrick McColl,Harvard University,College,A+,2019.0,,
942,Mitch Spence,The University of South Carolina Aiken,College,AAA,2019.0,,
943,C.J. Stubbs,University of Southern California,College,AA,2019.0,,
944,Stephen Scott,Vanderbilt University,College,AA,2019.0,,
945,Henry Davis,University of Louisville,College,AA,2021.0,,
946,Jack Leiter,Vanderbilt University,College,AA,2021.0,,
947,Jackson Jobe,"Heritage Hall (Oklahoma City,OK)",HS,A+,2021.0,,
948,Marcelo Mayer,"Eastlake (Chula Vista,CA)",HS,AA,2021.0,,
949,Colton Cowser,Sam Houston State University,College,AAA,2021.0,,
950,Jordan Lawlar,"Jesuit College Prep (Dallas,TX)",HS,AA,2021.0,,
951,Frank Mozzicato,"East Catholic (Manchester,CT)",HS,A,2021.0,,
952,Benny Montgomery,"Red Land (Lewisberry,PA)",HS,A+,2021.0,,
953,Sam Bachman,"Miami University - Oxford, Ohio",College,MLB,2021.0,,
954,Kumar Rocker,Vanderbilt University,College,A+,2021.0,,
955,Brady House,"Winder-Barrow (Winder,GA)",HS,A,2021.0,,
956,Harry Ford,"North Cobb (Kennesaw,GA)",HS,A+,2021.0,,
957,Andrew Painter,"Calvary Christian Academy (Fort Lauderdale,FL)",HS,AA,2021.0,,
958,Will Bednar,Mississippi State University,College,A,2021.0,,
959,Sal Frelick,Boston College,College,AAA,2021.0,,
960,Kahlil Watson,"Wake Forest-Rolesville (Wake Forest,NC)",HS,A+,2021.0,,
961,Matt McLain,"University of California, Los Angeles (UCLA)",College,MLB,2021.0,,
962,Michael McGreevy,"The University of California, Santa Barbara",College,AAA,2021.0,,
963,Gunnar Hoglund,University of Mississippi,College,A,2021.0,,
964,Trey Sweeney,Eastern Illinois University,College,AA,2021.0,,
965,Jordan Wicks,Kansas State University,College,AA,2021.0,,
966,Colson Montgomery,"Southridge (Huntingburg,IN)",HS,AA,2021.0,,
967,Gavin Williams,East Carolina University,College,AAA,2021.0,,
968,Ryan Cusick,Wake Forest University,College,AA,2021.0,,
969,Max Muncy,"Thousand Oaks (Thousand Oaks,CA)",HS,A+,2021.0,,
970,Chase Petty,"Mainland Regional (Linwood,NJ)",HS,A+,2021.0,,
971,Jackson Merrill,"Severna Park (Severna Park,MD)",HS,A+,2021.0,,
972,Carson Williams,"Torrey Pines (San Diego,CA)",HS,A+,2021.0,,
973,Maddux Bruns,"UMS Wright Prep (Mobile,AL)",HS,A+,2021.0,,
974,Jay Allen,"Carroll (Fort Pierce,FL)",HS,A+,2021.0,,
975,Joe Mack,"Williamsville East (Williamsville,NY)",HS,A+,2021.0,,
976,Ty Madden,University of Texas,College,AA,2021.0,,
977,Tyler Black,Wright State University,College,AA,2021.0,,
978,Cooper Kinney,"Baylor School (Chattanooga,TN)",HS,A,2021.0,,
979,Matheu Nelson,Florida State University,College,A+,2021.0,,
980,Noah Miller,"Ozaukee (Fredonia,WI)",HS,A+,2021.0,,
981,Anthony Solometo,"Bishop Eustace Preparatory School (Pennsauken,NJ)",HS,A+,2021.0,,
982,Aaron Zavala,University of Oregon,College,AA,2021.0,,
983,Izaac Pacheco,"Friendswood (Friendswood,TX)",HS,A+,2021.0,,
984,Jud Fabian,University of Florida,College,A+,2021.0,,
985,Connor Norby,East Carolina University,College,AAA,2021.0,,
986,Ryan Bliss,Auburn University,College,AA,2021.0,,
987,Ben Kudrna,"Blue Valley Southwest (Leawood,KS)",HS,A,2021.0,,
988,Jaden Hill,Louisiana State University,College,A+,2021.0,,
989,Ky Bush,St. Mary's College of California,College,AA,2021.0,,
990,Calvin Ziegler,"TNXL Academy (Longwood,Fl)",HS,A,2021.0,,
991,Daylen Lile,"Trinity (Louisville,KY)",HS,A,2021.0,,
992,Edwin Arroyo,"Arecibo Baseball Academy (Bajadero,PR)",HS,A+,2021.0,,
993,Ethan Wilson,University of South Alabama,College,AA,2021.0,,
994,Matt Mikulski,Fordham University,College,A+,2021.0,,
995,Russell Smith,Texas Christian University,College,AA,2021.0,,
996,Cody Morissette,Boston College,College,AA,2021.0,,
997,Andrew Abbott,University of Virginia,College,AAA,2021.0,,
998,Joshua Baez,"Dexter (Brookline,MA)",HS,A,2021.0,,
999,Brendan Beck,Stanford University,College,College,2021.0,,
1000,James Triantos,"James Madison (Vienna,VA)",HS,A+,2021.0,,
1001,Wes Kath,"Desert Mountain (Scottsdale,AZ)",HS,AA,2021.0,,
1002,Doug Nikhazy,University of Mississippi,College,AA,2021.0,,
1003,Spencer Schwellenbach,University of Nebraska,College,A,2021.0,,
1004,Zack Gelof,University of Virginia,College,AAA,2021.0,,
1005,Steve Hajjar,University of Michigan,College,A+,2021.0,,
1006,James Wood,"IMG Academy (Bradenton,FL)",HS,AA,2021.0,,
1007,Kyle Manzardo,Washington State University,College,AAA,2021.0,,
1008,Lonnie White,"Malvern Preparatory School (Malvern,PA)",HS,Rk,2021.0,,
1009,Reed Trimble,University of Southern Mississippi,College,A+,2021.0,,
1010,Peyton Wilson,Alabama,College,AA,2021.0,,
1011,Adrian Del Castillo,University of Miami,College,AA,2021.0,,
1012,Joe Rock,Ohio University,College,AA,2021.0,,
1013,Tommy Mace,University of Florida,College,A+,2021.0,,
1014,Ryan Holgate,University of Arizona,College,A,2021.0,,
1015,Robert Gasser,University of Houston,College,AAA,2021.0,,
1016,Bubba Chandler,"North Oconee (Bogart,GA)",HS,A+,2021.0,,
1017,Cameron Cauley,"Barbers Hill (Mount Belvieu,TX)",HS,A,2021.0,,
1018,Dylan Smith,Alabama,College,AA,2021.0,,
1019,Tyler McDonough,North Carolina State University,College,AA,2021.0,,
1020,John Rhodes,University of Kentucky,College,AA,2021.0,,
1021,Jacob Steinmetz,"Central Florida Elev8 (Delray Beach,FL)",HS,A,2021.0,,
1022,Carter Jensen,"Park Hill (Kansas City,MO)",HS,A+,2021.0,,
1023,McCade Brown,Indiana University,College,A,2021.0,,
1024,Landon Marceaux,Louisiana State University,College,AA,2021.0,,
1025,Dominic Hamel,Dallas Baptist University,College,AA,2021.0,,
1026,Branden Boissiere,University of Arizona,College,A,2021.0,,
1027,Michael Morales,"East Pennsboro Area (Enola,PA)",HS,A,2021.0,,
1028,Jordan Viars,"Reedy (Frisco,TX)",HS,A,2021.0,,
1029,Mason Black,Lehigh University,College,AA,2021.0,,
1030,Alex Binelas,University of Louisville,College,AA,2021.0,,
1031,Tyler Whitaker,"Bishop Gorman (Las Vegas,NV)",HS,A,2021.0,,
1032,Jordan McCants,"Pensacola Catholic (Pensacola,FL)",HS,A,2021.0,,
1033,Jose Torres,North Carolina State University,College,AA,2021.0,,
1034,Austin Love,University of North Carolina,College,A+,2021.0,,
1035,Ricky Tiedemann,Golden West College,College,AA,2021.0,,
1036,Brock Selvidge,"Hamilton (Chandler,AZ)",HS,A,2021.0,,
1037,Drew Gray,"IMG Academy (Bradenton,FL)",HS,Rk,2021.0,,
1038,Sean Burke,University of Maryland,College,AAA,2021.0,,
1039,Jake Fox,"Lakeland Christian (Lakeland,FL)",HS,A+,2021.0,,
1040,Dylan Dodd,Southeast Missouri State University,College,MLB,2021.0,,
1041,Mason Miller,Gardner-Webb University,College,MLB,2021.0,,
1042,Cade Povich,University of Nebraska,College,AA,2021.0,,
1043,Kevin Kopps,University of Arkansas,College,AA,2021.0,,
1044,Ryan Spikes,"Parkview (Lilburn,GA)",HS,A,2021.0,,
1045,Peter Heubeck,"Gilman School (Baltimore,MD)",HS,A,2021.0,,
1046,Owen Kellington,"U-32 (Montpelier,VT)",HS,A,2021.0,,
1047,Ian Moller,"Wahlert (Dubuque,IA)",HS,A,2021.0,,
1048,Tyler Mattison,Bryant University,College,A+,2021.0,,
1049,Elmer Rodriguez-Cruz,"Leadership Christian Academy (Guaynabo,PR)",HS,A,2021.0,,
1050,Donta' Williams,University of Arizona,College,AA,2021.0,,
1051,Chad Patrick,Purdue University Northwest,College,AA,2021.0,,
1052,Shane Panzini,"Red Bank Catholic (Red Bank,NJ)",HS,A,2021.0,,
1053,Hunter Goodman,University of Memphis,College,AA,2021.0,,
1054,Luke Murphy,Vanderbilt University,College,AA,2021.0,,
1055,JT Schwartz,"University of California, Los Angeles (UCLA)",College,AA,2021.0,,
1056,Dustin Saenz,Texas A&M University,College,A+,2021.0,,
1057,Bryce Miller,Texas A&M University,College,MLB,2021.0,,
1058,Micah Ottenbreit,"Trenton (Trenton,MI)",HS,A,2021.0,,
1059,Eric Silva,"JSerra Catholic (San Juan Capistrano,CA)",HS,A+,2021.0,,
1060,Logan Henderson,McLennan Community College,College,A,2021.0,,
1061,Alex Ulloa,"Calvary Christian Academy (Fort Lauderdale,FL)",HS,JrCollege,2021.0,,
1062,Tanner Allen,Mississippi State University,College,A+,2021.0,,
1063,Ruben Ibarra,San Jose State University,College,A+,2021.0,,
1064,Zane Mills,Washington State University,College,A+,2021.0,,
1065,Chad Dallas,University of Tennessee,College,AA,2021.0,,
1066,Cooper Bowman,University of Louisville,College,AA,2021.0,,
1067,Christian Franklin,University of Arkansas,College,A+,2021.0,,
1068,Brooks Gosswein,Bradley University,College,A+,2021.0,,
1069,Ryan Webb,University of Georgia,College,A+,2021.0,,
1070,Cal Conley,Texas Tech University,College,AA,2021.0,,
1071,Denzel Clarke,Cal State Northridge,College,AA,2021.0,,
1072,Christian Encarnacion-Strand,Oklahoma State University,College,AAA,2021.0,,
1073,Jackson Wolf,West Virginia University,College,AA,2021.0,,
1074,Dru Baker,Texas Tech University,College,A+,2021.0,,
1075,Nick Nastrini,"University of California, Los Angeles (UCLA)",College,AA,2021.0,,
1076,Chayce McDermott,Ball State University,College,AA,2021.0,,
1077,Jackson Glenn,Dallas Baptist University,College,A+,2021.0,,
1078,Mitch Bratt,"Georgia Premier Academy (Statesboro,GA)",HS,A+,2021.0,,
1079,Tanner Kohlhepp,University of Notre Dame,College,College,2021.0,,
1080,Nathan Hickey,University of Florida,College,AA,2021.0,,
1081,Carlos Tavera,University of Texas at Arlington,College,AA,2021.0,,
1082,Caleb Roberts,University of North Carolina,College,AA,2021.0,,
1083,Eric Cerantola,Mississippi State University,College,A+,2021.0,,
1084,Evan Justice,North Carolina State University,College,AA,2021.0,,
1085,Brett Kerry,University of South Carolina,College,AA,2021.0,,
1086,Christian Scott,University of Florida,College,A+,2021.0,,
1087,T.J. White,"Dorman (Roebuck,SC)",HS,A+,2021.0,,
1088,Andy Thomas,Baylor University,College,AA,2021.0,,
1089,Griff McGarry,University of Virginia,College,AAA,2021.0,,
1090,Rohan Handa,Yale University,College,College,2021.0,,
1091,Ethan Murray,Duke University,College,AA,2021.0,,
1092,Quincy Hamilton,Wright State University,College,AA,2021.0,,
1093,Brady Allen,University of South Carolina,College,A+,2021.0,,
1094,Thomas Farr,University of South Carolina,College,A+,2021.0,,
1095,Gordon Graceffo,Villanova University,College,AAA,2021.0,,
1096,Irv Carter,"Calvary Christian Academy (Fort Lauderdale,FL)",HS,A,2021.0,,
1097,Tyler Hardman,University of Oklahoma,College,AA,2021.0,,
1098,Liam Spence,University of Tennessee,College,AAA,2021.0,,
1099,Tanner McDougal,"Silverado (Las Vegas,NV)",HS,A,2021.0,,
1100,Tanner Bibee,Cal State Fullerton,College,MLB,2021.0,,
1101,Luke Waddell,Georgia Tech,College,AAA,2021.0,,
1102,CJ Rodriguez,Vanderbilt University,College,A+,2021.0,,
1103,Christian MacLeod,Mississippi State University,College,A+,2021.0,,
1104,Max Ferguson,University of Tennessee,College,A+,2021.0,,
1105,Mason Auer,San Jacinto College: Central Campus,College,AA,2021.0,,
1106,Ben Casparius,University of Connecticut,College,AA,2021.0,,
1107,Mike Jarvis,San Diego State University,College,AAA,2021.0,,
1108,Chase Lee,Alabama,College,AAA,2021.0,,
1109,Austin Murr,North Carolina State University,College,A+,2021.0,,
1110,Daniel McElveny,"Bonita Vista (Chula Vista,CA)",HS,A,2021.0,,
1111,Collin Burns,Tulane University,College,A+,2021.0,,
1112,Luke Albright,Kent State University,College,AA,2021.0,,
1113,Dayton Dooney,Central Arizona College,College,A,2021.0,,
1114,Braxton Fulford,Texas Tech University,College,AA,2021.0,,
1115,Jake Smith,University of Miami,College,A+,2021.0,,
1116,Carson Seymour,Kansas State University,College,AA,2021.0,,
1117,Michael Kirian,University of Louisville,College,A+,2021.0,,
1118,Bryan Woo,Cal Poly,College,MLB,2021.0,,
1119,Jose Pena,"Tampa Prep (Tampa,FL)",HS,Rk,2021.0,,
1120,Seth Lonsway,Ohio State University,College,A+,2021.0,,
1121,Carlos F. Rodriguez,Florida SouthWestern State College,College,AA,2021.0,,
1122,Spencer Arrighetti,University of Louisiana at Lafayette,College,AA,2021.0,,
1123,Sam Praytor,Alabama,College,A,2021.0,,
1124,Justice Thompson,University of North Carolina,College,A+,2021.0,,
1125,Alfredo Ruiz,Long Beach State University,College,A+,2021.0,,
1126,Hayden Juenger,Missouri State University,College,AAA,2021.0,,
1127,Richard Fitts,Auburn University,College,AA,2021.0,,
1128,Riley Martin,Quincy University,College,AA,2021.0,,
1129,Taylor Broadway,University of Mississippi,College,AAA,2021.0,,
1130,Aaron Davenport,University Of Hawaii,College,A+,2021.0,,
1131,Justyn-Henry Malloy,Georgia Tech,College,AAA,2021.0,,
1132,Grant Holman,University of California,College,AA,2021.0,,
1133,Travis Adams,Sacramento State,College,AA,2021.0,,
1134,Ryan Bergert,West Virginia University,College,A+,2021.0,,
1135,Mason Montgomery,Texas Tech University,College,AA,2021.0,,
1136,Emmet Sheehan,Boston College,College,AA,2021.0,,
1137,Wyatt Hendrie,San Diego State University,College,A+,2021.0,,
1138,Bradford Webb,Virginia Commonwealth University,College,AA,2021.0,,
1139,Brant Hurter,Georgia Tech,College,AA,2021.0,,
1140,Wyatt Olds,University of Oklahoma,College,AA,2021.0,,
1141,Connor Pavolony,University of Tennessee,College,AA,2021.0,,
1142,Scott Randall,Sacramento State,College,A+,2021.0,,
1143,Noah Cameron,University of Central Arkansas,College,AA,2021.0,,
1144,Evan Shawver,University of Cincinnati,College,A+,2021.0,,
1145,Ryan Costeiu,University of Arkansas,College,A+,2021.0,,
1146,Kevin Kendall,"University of California, Los Angeles (UCLA)",College,A+,2021.0,,
1147,Jacob Young,University of Florida,College,College,2021.0,,
1148,Colin Davis,Wofford College,College,A+,2021.0,,
1149,Christian McGowan,Eastern Oklahoma State College,College,A+,2021.0,,
1150,Nick Sinacola,University of Maine,College,A+,2021.0,,
1151,Tristan Peters,Southern Illinois University,College,AA,2021.0,,
1152,Joey Loperfido,Duke University,College,AA,2021.0,,
1153,Gabe Bierman,Indiana University,College,A+,2021.0,,
1154,Kevin Abel,Oregon State University,College,A,2021.0,,
1155,Alec Willis,"Regis Jesuit (Aurora,CO)",HS,Rk,2021.0,,
1156,Jaden Rudd,"Mosley (Panama City,FL)",HS,A,2021.0,,
1157,Robby Ahlstrom,University of Oregon,College,A+,2021.0,,
1158,Parker Chavers,Coastal Carolina University,College,A,2021.0,,
1159,Theo Denlinger,Bradley University,College,AAA,2021.0,,
1160,Jack Leftwich,University of Florida,College,AA,2021.0,,
1161,AJ Smith-Shawver,"Colleyville Heritage (Colleyville,TX)",HS,AAA,2021.0,,
1162,Brett Harris,Gonzaga University,College,AA,2021.0,,
1163,Jake Rucker,University of Tennessee,College,AAA,2021.0,,
1164,Ryan Och,University of Southern Mississippi,College,A+,2021.0,,
1165,Logan Workman,Lee University,College,AA,2021.0,,
1166,Ryan Sublette,Texas Tech University,College,AA,2021.0,,
1167,Sean Sullivan,University of California,College,AA,2021.0,,
1168,Larson Kindreich, Biola University,College,A+,2021.0,,
1169,Jordan Marks,University of South Carolina Upstate,College,A+,2021.0,,
1170,Hunter Dobbins,Texas Tech University,College,A+,2021.0,,
1171,Creed Willems,"Aledo (Aledo,TX)",HS,A+,2021.0,,
1172,Gavin Conticello,"Stoneman Douglas (Parkland,FL)",HS,A,2021.0,,
1173,Ryan Cepero,"Carlos Beltran Baseball Academy (Florida,PR)",HS,Rk,2021.0,,
1174,Robby Martin,Florida State University,College,A+,2021.0,,
1175,Nick Jones,Georgia Southern University,College,AA,2021.0,,
1176,Mike Vasil,University of Virginia,College,AA,2021.0,,
1177,Will Frizzell,Texas A&M University,College,AA,2021.0,,
1178,James Parker,Clemson University,College,AAA,2021.0,,
1179,Jason Ruffcorn,University of Oklahoma,College,A+,2021.0,,
1180,Ian Villers,University of California,College,A,2021.0,,
1181,Zack Raabe,University of Minnesota,College,A+,2021.0,,
1182,Colton Gordon,University of Central Florida,College,AA,2021.0,,
1183,Patrick Monteverde,Texas Tech University,College,AA,2021.0,,
1184,Hunter Parks,Florence-Darlington Technical College,College,A+,2021.0,,
1185,Mike Antico,University of Texas,College,AA,2021.0,,
1186,Hunter Gregory,Old Dominion University,College,A+,2021.0,,
1187,Will Warren,Southeastern Louisiana University,College,AAA,2021.0,,
1188,Casey Opitz,University of Arkansas,College,AAA,2021.0,,
1189,Fraser Ellard,Liberty University,College,AA,2021.0,,
1190,Rodney Boone,"The University of California, Santa Barbara",College,A+,2021.0,,
1191,Tyler Collins,"McKinney-Boyd (McKinney,TX)",HS,A,2021.0,,
1192,Drew Swift,Arizona State University,College,A+,2021.0,,
1193,Noah Cardenas,"University of California, Los Angeles (UCLA)",College,A+,2021.0,,
1194,Lucas Dunn,University of Louisville,College,A+,2021.0,,
1195,Patrick Wicklander,University of Arkansas,College,AA,2021.0,,
1196,Ben Harris,University of Georgia,College,AA,2021.0,,
1197,Luke Brown,University of Louisville,College,A+,2021.0,,
1198,Liam Hicks,Arkansas State University,College,AA,2021.0,,
1199,Garrett Burhenn,Ohio State University,College,A+,2021.0,,
1200,Tyler Miller,Auburn University,College,A+,2021.0,,
1201,Ryan Higgins,Fresno State University,College,A+,2021.0,,
1202,Jake Rice,Kennesaw State University,College,AA,2021.0,,
1203,Parker Bates,Louisiana Tech University,College,AA,2021.0,,
1204,Cullen Kafka,University of Oregon,College,A+,2021.0,,
1205,Braden Olthoff,Tulane University,College,AA,2021.0,,
1206,Levi David,University of Washington,College,A,2021.0,,
1207,Cole Quintanilla,University of Texas,College,A,2021.0,,
1208,Spencer Packard,Campbell University,College,AA,2021.0,,
1209,Gavin Tonkel,"Heritage (Brentwood,CA)",HS,Rk,2021.0,,
1210,Mat Olsen,Central Arizona College,College,A+,2021.0,,
1211,Brannon Jordan,University of South Carolina,College,A+,2021.0,,
1212,Aaron Brown,Middle Tennessee State University,College,AA,2021.0,,
1213,Jake Schrand,Wright State University,College,A+,2021.0,,
1214,Jack Rogers,Sam Houston State University,College,A+,2021.0,,
1215,Trent Baker,Angelo State University,College,A+,2021.0,,
1216,Conor Larkin,Penn State University,College,A+,2021.0,,
1217,Chandler Champlain,University of Southern California,College,A+,2021.0,,
1218,Chase Watkins,Oregon State University,College,A+,2021.0,,
1219,Gil Luna,University of Arizona,College,AA,2021.0,,
1220,Will Dion,McNeese State University,College,A+,2021.0,,
1221,Liam McGill,Bryant University,College,Rk,2021.0,,
1222,Shane McGuire,University of San Diego,College,AA,2021.0,,
1223,Pat Winkel,University of Connecticut,College,AA,2021.0,,
1224,Garrett Hawkins,The University of British Columbia,College,A+,2021.0,,
1225,Alexander Ayala,Florida SouthWestern State College,College,A,2021.0,,
1226,Lael Lockhart,University of Arkansas,College,AA,2021.0,,
1227,Justin Meis,Eastern Michigan University,College,AA,2021.0,,
1228,C.J. Widger,Rowan College South Jersey,College,--,2021.0,,
1229,Austin Schultz,University of Kentucky,College,A+,2021.0,,
1230,Matt Litwicki,Indiana University,College,College,2021.0,,
1231,Billy Cook,Pepperdine University,College,AA,2021.0,,
1232,Hugh Fisher,Vanderbilt University,College,AA,2021.0,,
1233,Shane Connolly,Virginia Tech,College,A,2021.0,,
1234,Zach Kokoska,Kansas State University,College,A+,2021.0,,
1235,Andrew Peters,University of South Carolina,College,A,2021.0,,
1236,Keyshawn Askew,Clemson University,College,A+,2021.0,,
1237,Darren Baker,University of California,College,AAA,2021.0,,
1238,Jordan Jackson,Georgia Southern University,College,A+,2021.0,,
1239,Logan Cerny,Troy University,College,A+,2021.0,,
1240,Vaun Brown,Florida Southern College,College,AA,2021.0,,
1241,Wes Clarke,University of South Carolina,College,AA,2021.0,,
1242,Michael Sandle,University of South Alabama,College,AAA,2021.0,,
1243,Hunter Perdue,Florida State University,College,A+,2021.0,,
1244,Donovan Benoit,Tulane University,College,AA,2021.0,,
1245,Osvaldo Tovalin,Azusa Pacific University,College,A+,2021.0,,
1246,Connor Cooke,University of Louisiana at Lafayette,College,AA,2021.0,,
1247,Benjamin Cowles,University of Maryland,College,A+,2021.0,,
1248,Peter Matt,Duke University,College,AAA,2021.0,,
1249,Tommy Sommer,Indiana University,College,AA,2021.0,,
1250,Franco Aleman,University of Florida,College,A+,2021.0,,
1251,Dylan Spain,--,FA,AA,2021.0,,
1252,Jack Winkler,University of San Francisco,College,A+,2021.0,,
1253,Ernie Yake,Gonzaga University,College,AAA,2021.0,,
1254,Colton Bender,Quinnipiac University,College,A+,2021.0,,
1255,Austin Vernon,North Carolina Central University,College,A+,2021.0,,
1256,Michael Hobbs,St. Mary's College of California,College,A+,2021.0,,
1257,Jackson Holliday,"Stillwater (Stillwater,OK)",HS,A+,2022.0,,
1258,Druw Jones,"The Wesleyan School (Norcross,GA)",HS,A,2022.0,,
1259,Kumar Rocker,New York,FA,A+,2022.0,,
1260,Termarr Johnson,"Mays (Atlanta,GA)",HS,A,2022.0,,
1261,Elijah Green,"IMG Academy (Bradenton,FL)",HS,A,2022.0,,
1262,Jacob Berry,Louisiana State University,College,A+,2022.0,,
1263,Cade Horton,University of Oklahoma,College,A+,2022.0,,
1264,Brooks Lee,Cal Poly,College,AA,2022.0,,
1265,Gavin Cross,Virginia Tech,College,A+,2022.0,,
1266,Gabriel Hughes,Gonzaga University,College,A+,2022.0,,
1267,Kevin Parada,Georgia Tech,College,A+,2022.0,,
1268,Jace Jung,Texas Tech University,College,A+,2022.0,,
1269,Zach Neto,Campbell University,College,MLB,2022.0,,
1270,Jett Williams,"Rockwall-Heath (Rockwall,TX)",HS,A,2022.0,,
1271,Dylan Lesko,"Buford (Buford,GA)",HS,--,2022.0,,
1272,Chase DeLauter,James Madison University ,College,College,2022.0,,
1273,Justin Crawford,"Bishop Gorman (Las Vegas,NV)",HS,A,2022.0,,
1274,Cam Collier,Chipola College,College,A,2022.0,,
1275,Daniel Susac,University of Arizona,College,A+,2022.0,,
1276,Owen Murphy,"Riverside-Brookfield (Brookfield,IL)",HS,A,2022.0,,
1277,Cole Young,"North Allegheny (Wexford,PA)",HS,A,2022.0,,
1278,Cooper Hjerpe,Oregon State University,College,A+,2022.0,,
1279,Brandon Barriera,"American Heritage (Plantation,FL)",HS,A,2022.0,,
1280,Mikey Romero,"Orange Lutheran (Orange,CA)",HS,A,2022.0,,
1281,Spencer Jones,Vanderbilt University,College,A+,2022.0,,
1282,Noah Schultz,"Oswego East (Oswego,IL)",HS,A,2022.0,,
1283,Eric Brown,Coastal Carolina University,College,A+,2022.0,,
1284,Drew Gilbert,University of Tennessee,College,AA,2022.0,,
1285,Xavier Isaac,"East Forsyth (Kernersville,NC)",HS,A,2022.0,,
1286,Reggie Crawford,University of Connecticut,College,A,2022.0,,
1287,Sterlin Thompson,University of Florida,College,A+,2022.0,,
1288,Sal Stewart,"Westminster Christian (Miami,FL)",HS,A,2022.0,,
1289,Dylan Beavers,University of California,College,A+,2022.0,,
1290,Landon Sims,Mississippi State University,College,College,2022.0,,
1291,JR Ritchie,"Bainbridge (Bainbridge,GA)",HS,A,2022.0,,
1292,Thomas Harrington,Campbell University,College,A+,2022.0,,
1293,Justin Campbell,Oklahoma State University,College,College,2022.0,,
1294,Jordan Beck,University of Tennessee,College,A+,2022.0,,
1295,Robby Snelling,"McQueen (Reno,NV)",HS,A,2022.0,,
1296,Dalton Rushing,University of Louisville,College,A+,2022.0,,
1297,Cutter Coffey,"Liberty (Bakersfield,CA)",HS,A,2022.0,,
1298,Max Wagner,Clemson University,College,A+,2022.0,,
1299,Ivan Melendez,University of Texas,College,A+,2022.0,,
1300,Hunter Barco,University of Florida,College,College,2022.0,,
1301,Jake Bennett,University of Oklahoma,College,A,2022.0,,
1302,Jacob Miller,"Liberty Union (Baltimore,OH)",HS,A,2022.0,,
1303,Jackson Ferris,"IMG Academy (Bradenton,FL)",HS,A,2022.0,,
1304,Connor Prielipp,Alabama,College,A+,2022.0,,
1305,Cayden Wallace,University of Arkansas,College,A+,2022.0,,
1306,Jackson Cox,"Toutle Lake (Toutle,WA)",HS,A,2022.0,,
1307,Peyton Graham,University of Oklahoma,College,A,2022.0,,
1308,Blade Tidwell,University of Tennessee,College,A+,2022.0,,
1309,Adam Mazur,University of Iowa,College,A+,2022.0,,
1310,Parker Messick,Florida State University,College,A,2022.0,,
1311,Logan Tanner,Mississippi State University,College,A,2022.0,,
1312,Henry Bolte,"Palo Alto (Palo Alto,CA)",HS,A,2022.0,,
1313,Cole Phillips,"Boerne (Boerne,TX)",HS,--,2022.0,,
1314,Tyler Locklear,Virginia Commonwealth University,College,A+,2022.0,,
1315,Brycen Mautz,University of San Diego,College,A,2022.0,,
1316,Josh Kasevich,University of Oregon,College,A+,2022.0,,
1317,Drew Thorpe,Cal Poly,College,A+,2022.0,,
1318,Peyton Pallette,University of Arkansas,College,A,2022.0,,
1319,Jacob Misiorowski,Crowder College,College,A,2022.0,,
1320,Jacob Melton,Oregon State University,College,A+,2022.0,,
1321,Brock Jones,Stanford University,College,A+,2022.0,,
1322,Carson Whisenhunt,East Carolina University,College,A+,2022.0,,
1323,Jud Fabian,University of Florida,College,A+,2022.0,,
1324,Tanner Schobel,Virginia Tech,College,A+,2022.0,,
1325,Clark Elliott,University of Michigan,College,A+,2022.0,,
1326,Chandler Simpson,Georgia Tech,College,A,2022.0,,
1327,Ryan Cermak,Illinois State University,College,A,2022.0,,
1328,Robert Moore,University of Arkansas,College,A+,2022.0,,
1329,Justin Boyd,Oregon State University,College,A+,2022.0,,
1330,Walter Ford,"Pace (Pace,FL)",HS,--,2022.0,,
1331,Nick Morabito,"Gonzaga College (Washington,DC)",HS,Rk,2022.0,,
1332,Blake Burkhalter,Auburn University,College,A,2022.0,,
1333,Tucker Toman,"Hammond (Columbia,SC)",HS,A,2022.0,,
1334,Cade Doughty,Louisiana State University,College,A+,2022.0,,
1335,Roman Anthony,"Stoneman Douglas (Parkland,FL)",HS,A,2022.0,,
1336,Andrew Taylor,Central Michigan University,College,A,2022.0,,
1337,Nolan McLean,Oklahoma State University,College,College,2022.0,,
1338,Nate Savino,University of Virginia,College,College,2022.0,,
1339,Jack Brannigan,University of Notre Dame,College,A,2022.0,,
1340,Trey Lipscomb,University of Tennessee,College,A+,2022.0,,
1341,Karson Milbrandt,"Liberty (Liberty,MO)",HS,A,2022.0,,
1342,Christopher Paciolla,"Temecula Valley (Temecula,CA)",HS,Rk,2022.0,,
1343,Mason Barnett,Auburn University,College,A+,2022.0,,
1344,Carson Palmquist,University of Miami,College,A+,2022.0,,
1345,Ben Joyce,University of Tennessee,College,MLB,2022.0,,
1346,Brandon Sproat,University of Florida,College,College,2022.0,,
1347,Henry Williams,Duke University,College,A,2022.0,,
1348,Joe Lampe,Arizona State University,College,A+,2022.0,,
1349,Gabriel Rincones,Florida Atlantic University,College,A,2022.0,,
1350,Bryce Hubbart,Florida State University,College,A,2022.0,,
1351,Colby Thomas,Mercer University,College,A,2022.0,,
1352,Drake Baldwin,Missouri State University,College,A+,2022.0,,
1353,Pete Hansen,University of Texas,College,A,2022.0,,
1354,Alan Roden,Creighton University,College,A+,2022.0,,
1355,Dalton Rogers,University of Southern Mississippi,College,A+,2022.0,,
1356,Trystan Vrieling,Gonzaga University,College,College,2022.0,,
1357,Jonathan Cannon,University of Georgia,College,A+,2022.0,,
1358,Dylan O'Rae,"Northern Collegiate (Sarnia,ON)",HS,Rk,2022.0,,
1359,Michael Knorr,Coastal Carolina University,College,A+,2022.0,,
1360,Trevor Martin,Oklahoma State University,College,A,2022.0,,
1361,Alex Freeland,University of Central Florida,College,A+,2022.0,,
1362,William Kempner,Gonzaga University,College,A,2022.0,,
1363,Silas Ardoin,University of Texas,College,A+,2022.0,,
1364,Dylan Ray,Alabama,College,A+,2022.0,,
1365,Brock Porter,"Orchard Lake St Mary's Prep (Orchard Lake,MI)",HS,A,2022.0,,
1366,Michael Kennedy,"Troy (Troy,NY)",HS,--,2022.0,,
1367,Brenner Cox,"Rock Hill (Frisco,TX)",HS,A,2022.0,,
1368,Marcus Johnson,Duke University,College,A,2022.0,,
1369,Nazier Mule,"Passaic County Technical Institute (Wayne,NJ)",HS,--,2022.0,,
1370,Andrew Morris,Texas Tech University,College,A,2022.0,,
1371,Steven Zobac,University of California,College,A,2022.0,,
1372,Ryan Ritter,University of Kentucky,College,A,2022.0,,
1373,Troy Melton,San Diego State University,College,A+,2022.0,,
1374,Jake Madden,Northwest Florida State College,College,A,2022.0,,
1375,Jacob Reimer,"Yucaipa (Yucaipa,CA)",HS,A,2022.0,,
1376,Lamar King,"Calvert Hall (Baltimore,MD)",HS,Rk,2022.0,,
1377,Nate Furman,University of North Carolina-Charlotte,College,A+,2022.0,,
1378,Alex McFarlane,University of Miami,College,A,2022.0,,
1379,Kenya Huggins,Chipola College,College,A,2022.0,,
1380,Jacob Watters,West Virginia University,College,A+,2022.0,,
1381,David McCabe,University of North Carolina-Charlotte,College,A+,2022.0,,
1382,Ashton Izzi,"Oswego East (Oswego,IL)",HS,--,2022.0,,
1383,Jimmy Crooks,University of Oklahoma,College,A+,2022.0,,
1384,Ryan Jennings,Louisiana Tech University,College,A,2022.0,,
1385,Chase Meidroth,University of San Diego,College,AA,2022.0,,
1386,Anthony Hall,University of Oregon,College,A,2022.0,,
1387,Jordan Sprinkle,"The University of California, Santa Barbara",College,A,2022.0,,
1388,Matthew Wood,Penn State University,College,A+,2022.0,,
1389,Trey Dombroski,Monmouth University,College,A,2022.0,,
1390,Dominic Keegan,Vanderbilt University,College,A,2022.0,,
1391,Nick Biddison,Virginia Tech,College,A,2022.0,,
1392,Spencer Miles,University of Missouri,College,A,2022.0,,
1393,Trace Bright,Auburn University,College,A+,2022.0,,
1394,Andrew Pintar,Brigham Young University ,College,A,2022.0,,
1395,Chandler Pollard,"Woodward Academy (College Park,GA)",HS,Rk,2022.0,,
1396,Tres Gonzalez,Georgia Tech,College,A+,2022.0,,
1397,Jared McKenzie,Baylor University,College,A+,2022.0,,
1398,Josh White,University of California,College,A+,2022.0,,
1399,Brandon Birdsell,Texas Tech University,College,A+,2022.0,,
1400,Ben Ross,Notre Dame College,College,A+,2022.0,,
1401,Hunter Patteson,University of Central Florida,College,College,2022.0,,
1402,Connor Staine,University of Central Florida,College,A,2022.0,,
1403,Luke Gold,Boston College,College,A,2022.0,,
1404,Sonny DiChiara,Auburn University,College,AA,2022.0,,
1405,D'Andre Smith,University of Southern California,College,A,2022.0,,
1406,Nathan Martorella,University of California,College,A+,2022.0,,
1407,Guy Lipscomb,Belmont University,College,A,2022.0,,
1408,Orion Kerkering,University of South Florida,College,A+,2022.0,,
1409,Cade Hunter,Virginia Tech,College,A,2022.0,,
1410,Jack Perkins,Indiana University,College,A+,2022.0,,
1411,Ignacio Alvarez,Riverside Community College,College,A+,2022.0,,
1412,Reid VanScoter,Coastal Carolina University,College,A+,2022.0,,
1413,Victor Scott,West Virginia University,College,A+,2022.0,,
1414,Mason Fluharty,Liberty University,College,AA,2022.0,,
1415,Noah Dean,Old Dominion University,College,A,2022.0,,
1416,Eric Reyzelman,Louisiana State University,College,A,2022.0,,
1417,Tyler Schweitzer,Ball State University,College,A,2022.0,,
1418,Will Rudy,Cal Poly Pomona,College,A,2022.0,,
1419,Nolan DeVos,Davidson College,College,A,2022.0,,
1420,Jalen Battles,University of Arkansas,College,AA,2022.0,,
1421,Sean McLain,Arizona State University,College,A,2022.0,,
1422,Liam Simon,University of Notre Dame,College,A,2022.0,,
1423,Douglas Hodo,University of Texas,College,A+,2022.0,,
1424,Will Mabrey,University of Tennessee,College,A+,2022.0,,
1425,Tommy Specht,"Wahlert (Dubuque,IA)",HS,A,2022.0,,
1426,Derek Diamond,University of Mississippi,College,A,2022.0,,
1427,Nathaniel Ochoa Leyva,- (),HS,Rk,2022.0,,
1428,Jared Poland,University of Louisville,College,A+,2022.0,,
1429,Will Frisch,Oregon State University,College,College,2022.0,,
1430,Jorel Ortega,University of Tennessee,College,A,2022.0,,
1431,Hayden Dunhurst,University of Mississippi,College,Rk,2022.0,,
1432,Michael Prosecky,University of Louisville,College,A,2022.0,,
1433,Danny Serretti,University of North Carolina,College,AA,2022.0,,
1434,Victor Mederos,Oklahoma State University,College,AA,2022.0,,
1435,Tyler Stuart,University of Southern Mississippi,College,A+,2022.0,,
1436,Jakob Marsee,Central Michigan University,College,A+,2022.0,,
1437,Dylan DeLucia,University of Mississippi,College,College,2022.0,,
1438,Mavis Graves,"Eastside (Taylors,SC)",HS,--,2022.0,,
1439,Zach Maxwell,Georgia Tech,College,A,2022.0,,
1440,Brennan Milone,University of South Carolina,College,A,2022.0,,
1441,Seth Keller,"Hanover (Mechanicsville,VA)",HS,A,2022.0,,
1442,Josh Hood,North Carolina State University,College,A,2022.0,,
1443,Max Rajcic,"University of California, Los Angeles (UCLA)",College,A,2022.0,,
1444,T.J. Brock,Ohio State University,College,AA,2022.0,,
1445,Alex Hoppe,University of North Carolina Greensboro,College,A+,2022.0,,
1446,Chase Hampton,Texas Tech University,College,A+,2022.0,,
1447,Eric Adler,Wake Forest University,College,A,2022.0,,
1448,Tyler Woessner,Central Arizona College,College,A+,2022.0,,
1449,Collin Price,Mercer University,College,A+,2022.0,,
1450,Gary Gill Hill,"Kennedy Catholic (Somers,NY)",HS,--,2022.0,,
1451,Logan Wagner,"P27 Sports Academy (Lexington,SC)",HS,Rk,2022.0,,
1452,Hayden Birdsong,Eastern Illinois University,College,A,2022.0,,
1453,Preston Johnson,University of Mississippi,College,Rk,2022.0,,
1454,Demetrio Crisantes,"Nogales (Nogales,AZ)",HS,--,2022.0,,
1455,Luis Ramirez,Long Beach State University,College,A,2022.0,,
1456,J.P. Massey,University of Minnesota,College,A,2022.0,,
1457,Riley Cornelio,Texas Christian University,College,A,2022.0,,
1458,Kyle Crigger,Louisiana Tech University,College,A+,2022.0,,
1459,Nick Hull,Grand Canyon University,College,A,2022.0,,
1460,Kyle Jones,University of Toldeo,College,A+,2022.0,,
1461,Mack Anglin,Clemson University,College,A,2022.0,,
1462,Kody Huff,Stanford University,College,A,2022.0,,
1463,Seth Stephenson,University of Tennessee,College,A,2022.0,,
1464,Roman Phansalkar,Oklahoma State University,College,A+,2022.0,,
1465,Jonah Tong,"Bill Crothers (Unionville,ON)",HS,--,2022.0,,
1466,Nick Vogt,"The University of California, Santa Barbara",College,A,2022.0,,
1467,Javier Santos,"Georgia Premier Academy (Statesboro,GA)",HS,--,2022.0,,
1468,Caleb Ricketts,University of San Diego,College,A+,2022.0,,
1469,Trey Faltine,University of Texas,College,A+,2022.0,,
1470,Yeniel Laboy,"Carlos Beltran Baseball Academy (Florida,PR)",HS,Rk,2022.0,,
1471,Adam Maier,University of Oregon,College,College,2022.0,,
1472,Hogan Windish,University of North Carolina Greensboro,College,A+,2022.0,,
1473,Alex Iadisernia,Elon University,College,A,2022.0,,
1474,Peyton Williams,University of Iowa,College,A+,2022.0,,
1475,Caleb Bolden,Texas Christian University,College,A,2022.0,,
1476,Cam Schlittler,Northeastern University,College,College,2022.0,,
1477,Mark McLaughlin,University of Tennessee,College,A,2022.0,,
1478,Ben Metzinger,University of Louisville,College,A+,2022.0,,
1479,A.J. Blubaugh,University of Wisconsin-Milwaukee,College,A+,2022.0,,
1480,Blake Robertson,University of Oklahoma,College,A+,2022.0,,
1481,Chris Campos,St. Mary's College of California,College,A,2022.0,,
1482,Zach Morgan,Fresno State University,College,A,2022.0,,
1483,Cameron Weston,University of Michigan,College,A,2022.0,,
1484,Adrian Rodriguez,"International Baseball Academy (Ceiba,PR)",HS,Rk,2022.0,,
1485,Matt Brosky,Youngstown State University,College,AA,2022.0,,
1486,Cy Nielson,Brigham Young University ,College,A+,2022.0,,
1487,Chance Huff,Georgia Tech,College,A+,2022.0,,
1488,Dale Stanavich,Rutgers University,College,A,2022.0,,
1489,Mason McGwire,"Capistrano Valley (Mission Viejo,CA)",HS,--,2022.0,,
1490,Zebby Matthews,Western Carolina University,College,A,2022.0,,
1491,Davis Palermo,University of North Carolina,College,A,2022.0,,
1492,Jake Miller,Valparaiso University,College,A,2022.0,,
1493,Dylan Phillips,Kansas State University,College,A+,2022.0,,
1494,Dylan Tebrake,Creighton University,College,A+,2022.0,,
1495,Griffin Doersching,Oklahoma State University,College,A,2022.0,,
1496,Jackson Humphries,"Fuquay Varina (Fuquay Varina,NC)",HS,--,2022.0,,
1497,Alex Rao,University of Notre Dame,College,A,2022.0,,
1498,Chris McElvain,Vanderbilt University,College,A,2022.0,,
1499,Micah Dallas,Texas A&M University,College,AAA,2022.0,,
1500,Jason Franks,Cal Poly,College,A,2022.0,,
1501,Tatem Levins,Pittsburgh University,College,A,2022.0,,
1502,Cade Winquest,University of Texas at Arlington,College,A,2022.0,,
1503,Dylan Rock,Texas A&M University,College,AA,2022.0,,
1504,Jonathan Brand,"Miami University - Oxford, Ohio",College,A,2022.0,,
1505,Brett Barrera,Stanford University,College,A,2022.0,,
1506,Mario Camilletti,Central Michigan University,College,A,2022.0,,
1507,Nate Peterson,University of Illinois-Chicago,College,A,2022.0,,
1508,Tyler Guilfoil,University of Kentucky,College,A,2022.0,,
1509,Sean Harney,University of Kentucky,College,AA,2022.0,,
1510,Taylor Young,Louisiana Tech University,College,A+,2022.0,,
1511,Wade Meckler,Oregon State University,College,AA,2022.0,,
1512,Adam Crampton,Stanford University,College,A,2022.0,,
1513,Gavin Logan,Oregon State University,College,A+,2022.0,,
1514,Griffin Cheney,Georgia State University,College,A+,2022.0,,
1515,Mike Walsh,Yale University,College,A,2022.0,,
1516,Maxwell Romero,University of Miami,College,A,2022.0,,
1517,Evan Taylor,University of Arkansas,College,A,2022.0,,
1518,Connor Noland,University of Arkansas,College,A+,2022.0,,
1519,Cory Lewis,"The University of California, Santa Barbara",College,A,2022.0,,
1520,Brandon Johnson,University of Mississippi,College,A+,2022.0,,
1521,Brad Cumbest,Mississippi State University,College,Rk,2022.0,,
1522,Andrew Jenkins,Georgia Tech,College,A,2022.0,,
1523,Joe Stewart,University of Michigan,College,A+,2022.0,,
1524,Chase Estep,University of Kentucky,College,A+,2022.0,,
1525,Dylan Nedved,University of Iowa,College,A,2022.0,,
1526,Austin Peterson,University of Connecticut,College,A,2022.0,,
1527,Chad Castillo,CALIFORNIA BAPTIST UNIVERSITY,College,A,2022.0,,
1528,Rob Hensey,Monmouth University,College,A,2022.0,,
1529,Caeden Trenkle,Oklahoma State University,College,A+,2022.0,,
1530,Cory Acton,University of Georgia,College,A+,2022.0,,
1531,Tyler Gough,"JSerra Catholic (San Juan Capistrano,CA)",HS,A,2022.0,,
1532,Joseph King,University of California,College,A,2022.0,,
1533,Devereaux Harrison,Long Beach State University,College,A+,2022.0,,
1534,Brooks Brannon,"Randleman (Randleman,NC)",HS,Rk,2022.0,,
1535,Matt Keating,University of Southern California,College,A,2022.0,,
1536,Michael Turner,University of Arkansas,College,A+,2022.0,,
1537,Tayden Hall,State College of Florida Manatee-Sarasota,College,A+,2022.0,,
1538,Brett Gillis,University of Portland,College,A,2022.0,,
1539,Chris Villaman,North Carolina State University,College,College,2022.0,,
1540,Brandon Neeck,University of Virginia,College,College,2022.0,,
1541,Jack Choate,ASSUMPTION COLLEGE,College,A,2022.0,,
1542,Wyatt Cheney,McLennan Community College,College,A,2022.0,,
1543,Brett Johnson,SOUTHERN ILLINOIS UNIVERSITY-EDWARDSVILLE,College,A+,2022.0,,
1544,Josh Hatcher,Kennesaw State University,College,A+,2022.0,,
1545,Tanner Tredaway,University of Oklahoma,College,A,2022.0,,
1546,Murphy Stehly,University of Texas,College,A,2022.0,,
1547,Cade Gibson,Louisiana Tech University,College,A+,2022.0,,
1548,Brody McCullough,Wingate University,College,A,2022.0,,
1549,Dalton Shuffield,Texas State University,College,AAA,2022.0,,
1550,Levi Usher,University of Louisville,College,A,2022.0,,
1551,Zach Agnos,East Carolina University,College,A,2022.0,,
1552,Trevin Michael,University of Oklahoma,College,A+,2022.0,,
1553,Matt Coutney,Old Dominion University,College,A,2022.0,,
1554,Zebulon Vermillion,University of Arkansas,College,Rk,2022.0,,
1555,Jackson Smeltz,Purdue University,College,College,2022.0,,
1556,Jacob Zibin,"TNXL Academy (Longwood,Fl)",HS,--,2022.0,,
1557,Gustavo Sosa,SOUTH MOUNTAIN COMMUNITY COLLEGE,College,Rk,2022.0,,
1558,Brody Jessee,Gonzaga University,College,A,2022.0,,
1559,Brock Rodden,Wichita State University,College,College,2022.0,,
1560,Andrew Keck,Southeast Missouri State University,College,A,2022.0,,
1561,Bill Knight,Mercer University,College,A,2022.0,,
1562,Tanner Jacobson,QUEENS COLLEGE OF CHARLOTTE,College,A,2022.0,,
1563,Ian Churchill,University of San Diego,College,A,2022.0,,
1564,Isaac Coffey,Oral Roberts University,College,A+,2022.0,,
1565,Will Brian,Eastern Kentucky University,College,A,2022.0,,
1566,Tim Elko,University of Mississippi,College,A,2022.0,,
1567,Brian Fitzpatrick,Rutgers University,College,Rk,2022.0,,
1568,Zach Cole,Ball State University,College,A,2022.0,,
1569,Cade Halemanu,University Of Hawaii,College,A,2022.0,,
1570,Simon Reid,Westmont College,College,Rk,2022.0,,
1571,John Bertrand,University of Notre Dame,College,A+,2022.0,,
