,,year,rnd,ovl,phase,player name,draft team,pos,bonus,signed,hilvl,mlbyears,stat years,source,school,dr reg,pos,ht,wt,ba,th,Born,place
0,,2022,1,1,June-Reg,Jackson Holliday,Baltimore Orioles,ss,8.19,Yes,A+,--,2022-2023,HS,"Stillwater (Stillwater,OK)",OK,ss-2b,6-0,185,L,R,2003-12-04,"Austin,TX"
1,,2022,1,2,June-Reg,Druw Jones,Arizona Diamondbacks,of,8.19,Yes,A,--,2023-2023,HS,"The Wesleyan School (Norcross,GA)",GA,of,6-4,180,R,R,2003-11-28,"Atlanta,GA"
2,,2022,1,3,June-Reg,Kumar Rocker,Texas Rangers,rhp,5.20,Yes,A+,--,2019-2023,FA,New York,NY,p,6-5,245,R,R,1999-11-22,"Watkinsville,GA"
3,,2022,1,4,June-Reg,Termarr Johnson,Pittsburgh Pirates,ss,7.22,Yes,A,--,2022-2023,HS,"Mays (Atlanta,GA)",GA,2b-ss,5-7,175,L,R,2004-06-11,"Atlanta,GA"
4,,2022,1,5,June-Reg,Elijah Green,Washington Nationals,of,6.50,Yes,A,--,2022-2023,HS,"IMG Academy (Bradenton,FL)",FL,cf,6-3,225,R,R,2003-12-04,"Windermere,FL"
5,,2022,1,6,June-Reg,Jacob Berry,Miami Marlins,3b,6.00,Yes,A+,--,2021-2023,College,LSU,LA,3b,6-0,212,B,R,2001-05-05,"Cortez,AZ"
6,,2022,1,7,June-Reg,Cade Horton,Chicago Cubs,rhp,4.45,Yes,A+,--,2022-2023,College,Oklahoma,OK,p-ss,6-1,211,R,R,2001-08-20,"Oklahoma City,OK"
7,,2022,1,8,June-Reg,Brooks Lee,Minnesota Twins,ss,5.68,Yes,AA,--,2020-2023,College,Cal Poly,CA,ss,6-2,205,B,R,2001-02-14,"San Luis Obispo,CA"
8,,2022,1,9,June-Reg,Gavin Cross,Kansas City Royals,of,5.20,Yes,A+,--,2020-2023,College,Virginia Tech,VA,of,6-3,210,L,L,2001-02-13,"Bristol,TN"
9,,2022,1,10,June-Reg,Gabriel Hughes,Colorado Rockies,rhp,4.00,Yes,A+,--,2020-2023,College,Gonzaga,WA,p,6-4,220,R,R,2001-08-22,"Anchorage,AK"
10,,2022,1,11,June-Reg,Kevin Parada,New York Mets,c,5.02,Yes,A+,--,2021-2023,College,Georgia Tech,GA,c,6-1,197,R,R,2001-08-03,"Pasadena,CA"
11,,2022,1,12,June-Reg,Jace Jung,Detroit Tigers,2b,4.59,Yes,A+,--,2020-2023,College,Texas Tech,TX,2b,6-0,205,L,R,2000-10-04,"San Antonio,TX"
12,,2022,1,13,June-Reg,Zach Neto,Los Angeles Angels,ss,3.50,Yes,MLB,2023-2023,2020-2023,College,Campbell,NC,ss,6-0,185,R,R,2001-01-31,"Miami,FL"
13,,2022,1,14,June-Reg,Jett Williams,New York Mets,ss,3.90,Yes,A,--,2022-2023,HS,"Rockwall-Heath (Rockwall,TX)",TX,ss,5-8,175,R,R,2003-11-03,"Dallas,TX"
14,,2022,1,15,June-Reg,Dylan Lesko,San Diego Padres,rhp,3.90,Yes,--,--,--,HS,"Buford (Buford,GA)",GA,p,6-2,195,R,R,2003-09-07,"Atlanta,GA"
15,,2022,1,16,June-Reg,Chase DeLauter,Cleveland Guardians,of,3.75,Yes,College,--,2020-2022,College,James Madison,VA,of,6-4,235,L,L,2001-10-08,"Frederick,MD"
16,,2022,1,17,June-Reg,Justin Crawford,Philadelphia Phillies,of,3.89,Yes,A,--,2022-2023,HS,"Bishop Gorman (Las Vegas,NV)",NV,cf,6-3,175,L,R,2004-01-13,"Phoenix,AZ"
17,,2022,1,18,June-Reg,Cam Collier,Cincinnati Reds,3b,5.00,Yes,A,--,2022-2023,College,Chipola,FL,3b,6-2,210,L,R,2004-11-20,"Chicago,IL"
18,,2022,1,19,June-Reg,Daniel Susac,Oakland Athletics,c,3.53,Yes,A+,--,2021-2023,College,Arizona,AZ,c,6-4,218,R,R,2001-05-14,"Roseville,CA"
19,,2022,1,20,June-Reg,Owen Murphy,Atlanta Braves,rhp,2.56,Yes,A,--,2022-2023,HS,"Riverside-Brookfield (Brookfield,IL)",IL,p,6-1,190,R,R,2003-09-27,"Chicago,IL"
20,,2022,1,21,June-Reg,Cole Young,Seattle Mariners,ss,3.30,Yes,A,--,2022-2023,HS,"North Allegheny (Wexford,PA)",PA,ss-2b,6-0,180,L,R,2003-07-29,"Pittsburgh,PA"
21,,2022,1,22,June-Reg,Cooper Hjerpe,St. Louis Cardinals,lhp,3.18,Yes,A+,--,2020-2023,College,Oregon State,OR,p,6-3,200,L,L,2001-03-16,"Davis,CA"
22,,2022,1,23,June-Reg,Brandon Barriera,Toronto Blue Jays,lhp,3.60,Yes,A,--,2023-2023,HS,"American Heritage (Plantation,FL)",FL,p,6-2,180,L,L,2004-03-04,"Brooklyn,NY"
23,,2022,1,24,June-Reg,Mikey Romero,Boston Red Sox,ss,2.30,Yes,A,--,2022-2022,HS,"Orange Lutheran (Orange,CA)",CA,ss-2b,6-1,175,L,R,2004-01-12,"San Diego,CA"
24,,2022,1,25,June-Reg,Spencer Jones,New York Yankees,of,2.88,Yes,A+,--,2020-2023,College,Vanderbilt,TN,cf,6-7,225,L,L,2001-05-14,"Encinitas,CA"
25,,2022,1,26,June-Reg,Noah Schultz,Chicago White Sox,lhp,2.80,Yes,A,--,2023-2023,HS,"Oswego East (Oswego,IL)",IL,p,6-9,220,L,L,2003-08-05,"Naperville,IL"
26,,2022,1,27,June-Reg,Eric Brown,Milwaukee Brewers,ss,2.05,Yes,A+,--,2020-2023,College,Coastal Carolina,SC,ss,5-10,190,R,R,2000-12-19,"Tucson,AZ"
27,,2022,1,28,June-Reg,Drew Gilbert,Houston Astros,of,2.50,Yes,AA,--,2020-2023,College,Tennessee,TN,cf,5-9,185,L,L,2000-09-27,"St. Paul,MN"
28,,2022,1,29,June-Reg,Xavier Isaac,Tampa Bay Rays,1b,2.55,Yes,A,--,2022-2023,HS,"East Forsyth (Kernersville,NC)",NC,1b,6-4,240,L,L,2003-12-17,"Fayetteville,NC"
29,,2022,1,30,June-Reg,Reggie Crawford,San Francisco Giants,lhp/1,2.30,Yes,A,--,2020-2023,College,Connecticut,CT,p-1b,6-4,235,L,L,2000-12-04,"Lansdale,PA"
30,,2022,1,31,June-Reg,Sterlin Thompson,Colorado Rockies,of,2.43,Yes,A+,--,2021-2023,College,Florida,FL,rf-3b,6-4,200,L,R,2001-06-26,"Longmont,CO"
31,,2022,1,32,June-Reg,Sal Stewart,Cincinnati Reds,3b,2.10,Yes,A,--,2022-2023,HS,"Westminster Christian (Miami,FL)",FL,3b,6-3,215,R,R,2003-12-07,"Miami,FL"
32,,2022,1,33,June-Reg,Dylan Beavers,Baltimore Orioles,of,2.20,Yes,A+,--,2020-2023,College,California,CA,rf-cf,6-4,206,L,R,2001-08-11,"San Luis Obispo,CA"
33,,2022,1,34,June-Reg,Landon Sims,Arizona Diamondbacks,rhp,2.35,Yes,College,--,2020-2022,College,Mississippi State,MS,p,6-2,227,R,R,2001-01-03,"Lawrenceville,GA"
34,,2022,1,35,June-Reg,JR Ritchie,Atlanta Braves,rhp,2.40,Yes,A,--,2022-2023,HS,"Bainbridge (Bainbridge,GA)",WA,p,6-2,185,R,R,2003-06-26,"Seattle,WA"
35,,2022,1,36,June-Reg,Thomas Harrington,Pittsburgh Pirates,rhp,2.05,Yes,A+,--,2021-2023,College,Campbell,NC,p,6-2,185,R,R,2001-07-12,"Sanford,NC"
36,,2022,1,37,June-Reg,Justin Campbell,Cleveland Guardians,rhp,1.70,Yes,College,--,2020-2022,College,Oklahoma State,OK,p,6-7,219,L,R,2001-02-14,"West Hills,CA"
37,,2022,1,38,June-Reg,Jordan Beck,Colorado Rockies,of,2.20,Yes,A+,--,2020-2023,College,Tennessee,TN,of,6-3,225,R,R,2001-04-19,"Hazel Green,AL"
38,,2022,1,39,June-Reg,Robby Snelling,San Diego Padres,lhp,3.00,Yes,A,--,2023-2023,HS,"McQueen (Reno,NV)",NV,p,6-3,210,R,L,2003-12-19,"Reno,NV"
39,39 record(s),,,,,,,,,,,,,,,,,,,,,,
0,,2022,2,40,June-Reg,Dalton Rushing,Los Angeles Dodgers,c,1.96,Yes,A+,--,2020-2023,College,Louisville,KY,c-1b,6-1,220,L,R,2001-02-21,"Memphis,TN"
1,,2022,2,41,June-Reg,Cutter Coffey,Boston Red Sox,ss,1.85,Yes,A,--,2022-2023,HS,"Liberty (Bakersfield,CA)",CA,ss-3b,6-2,190,R,R,2004-05-21,"Bakersfield,CA"
2,,2022,2,42,June-Reg,Max Wagner,Baltimore Orioles,3b,1.90,Yes,A+,--,2021-2023,College,Clemson,SC,3b,6-0,215,R,R,2001-08-19,"Green Bay,WI"
3,,2022,2,43,June-Reg,Ivan Melendez,Arizona Diamondbacks,1b,1.40,Yes,A+,--,2019-2023,College,Texas,TX,1b-3b,6-3,225,R,R,2000-01-24,"El Paso,TX"
4,,2022,2,44,June-Reg,Hunter Barco,Pittsburgh Pirates,lhp,1.53,Yes,College,--,2020-2022,College,Florida,FL,p,6-4,210,L,L,2000-12-15,"Jacksonville,FL"
5,,2022,2,45,June-Reg,Jake Bennett,Washington Nationals,lhp,1.73,Yes,A,--,2020-2023,College,Oklahoma,OK,p,6-6,234,L,L,2000-12-02,"Tulsa,OK"
6,,2022,2,46,June-Reg,Jacob Miller,Miami Marlins,rhp,1.70,Yes,A,--,2022-2023,HS,"Liberty Union (Baltimore,OH)",OH,p,6-2,180,R,R,2003-08-10,"Columbus,OH"
7,,2022,2,47,June-Reg,Jackson Ferris,Chicago Cubs,lhp,3.01,Yes,A,--,2023-2023,HS,"IMG Academy (Bradenton,FL)",FL,p,6-4,195,L,L,2004-01-15,"Winston-Salem,NC"
8,,2022,2,48,June-Reg,Connor Prielipp,Minnesota Twins,lhp,1.83,Yes,A+,--,2020-2023,College,Alabama,AL,p,6-2,210,L,L,2001-01-10,"Tomah,WI"
9,,2022,2,49,June-Reg,Cayden Wallace,Kansas City Royals,3b,1.70,Yes,A+,--,2021-2023,College,Arkansas,AR,3b,6-1,205,R,R,2001-08-07,"Little Rock,AR"
10,,2022,2,50,June-Reg,Jackson Cox,Colorado Rockies,rhp,1.85,Yes,A,--,2023-2023,HS,"Toutle Lake (Toutle,WA)",WA,p,6-1,185,R,R,2003-09-25,"Portland,OR"
11,,2022,2,51,June-Reg,Peyton Graham,Detroit Tigers,ss,1.80,Yes,A,--,2020-2023,College,Oklahoma,OK,ss,6-3,185,R,R,2001-01-26,"Waxahachie,TX"
12,,2022,2,52,June-Reg,Blade Tidwell,New York Mets,rhp,1.85,Yes,A+,--,2021-2023,College,Tennessee,TN,p,6-4,207,R,R,2001-06-08,"Columbia,TN"
13,,2022,2,53,June-Reg,Adam Mazur,San Diego Padres,rhp,1.25,Yes,A+,--,2020-2023,College,Iowa,IA,p,6-2,180,R,R,2001-04-20,"St. Paul,MN"
14,,2022,2,54,June-Reg,Parker Messick,Cleveland Guardians,lhp,1.30,Yes,A,--,2020-2023,College,Florida State,FL,p,6-0,225,L,L,2000-10-26,"Brandon,FL"
15,,2022,2,55,June-Reg,Logan Tanner,Cincinnati Reds,c,1.03,Yes,A,--,2020-2023,College,Mississippi State,MS,c,6-0,215,R,R,2000-11-10,"Hattiesburg,MS"
16,,2022,2,56,June-Reg,Henry Bolte,Oakland Athletics,of,2.00,Yes,A,--,2022-2023,HS,"Palo Alto (Palo Alto,CA)",CA,cf-rf,6-3,195,R,R,2003-08-04,"San Francisco,CA"
17,,2022,2,57,June-Reg,Cole Phillips,Atlanta Braves,rhp,1.50,Yes,--,--,--,HS,"Boerne (Boerne,TX)",TX,p,6-3,200,R,R,2003-05-26,"San Diego,CA"
18,,2022,2,58,June-Reg,Tyler Locklear,Seattle Mariners,3b,1.28,Yes,A+,--,2020-2023,College,VCU,VA,3b-1b,6-3,210,R,R,2000-11-24,"Baltimore,MD"
19,,2022,2,59,June-Reg,Brycen Mautz,St. Louis Cardinals,lhp,1.10,Yes,A,--,2020-2023,College,San Diego,CA,p,6-3,190,L,L,2001-07-17,"San Diego,CA"
20,,2022,2,60,June-Reg,Josh Kasevich,Toronto Blue Jays,ss,1.00,Yes,A+,--,2020-2023,College,Oregon,OR,ss-3b,6-2,200,R,R,2001-01-17,"Palo Alto,CA"
21,,2022,2,61,June-Reg,Drew Thorpe,New York Yankees,rhp,1.19,Yes,A+,--,2020-2023,College,Cal Poly,CA,p,6-4,190,L,R,2000-10-01,"St. George,UT"
22,,2022,2,62,June-Reg,Peyton Pallette,Chicago White Sox,rhp,1.50,Yes,A,--,2020-2023,College,Arkansas,AR,p,6-1,180,R,R,2001-05-09,"Benton,AR"
23,,2022,2,63,June-Reg,Jacob Misiorowski,Milwaukee Brewers,rhp,2.35,Yes,A,--,2022-2023,College,Crowder,MO,p,6-7,190,R,R,2002-04-03,"Blue Springs,MO"
24,,2022,2,64,June-Reg,Jacob Melton,Houston Astros,of,1.00,Yes,A+,--,2019-2023,College,Oregon State,OR,cf,6-3,208,L,L,2000-09-07,"Medford,OR"
25,,2022,2,65,June-Reg,Brock Jones,Tampa Bay Rays,of,1.08,Yes,A+,--,2022-2023,College,Stanford,CA,cf-lf,6-0,197,L,L,2001-03-28,"Fresno,CA"
26,,2022,2,66,June-Reg,Carson Whisenhunt,San Francisco Giants,lhp,1.87,Yes,A+,--,2020-2023,College,East Carolina,NC,p,6-3,209,L,L,2000-10-20,"Winston-Salem,NC"
27,,2022,2,67,June-Reg,Jud Fabian,Baltimore Orioles,of,1.03,Yes,A+,--,2019-2023,College,Florida,FL,cf-lf,6-1,195,R,L,2000-09-27,"Ocala,FL"
28,,2022,2,68,June-Reg,Tanner Schobel,Minnesota Twins,ss,1.00,Yes,A+,--,2021-2023,College,Virginia Tech,VA,2b-3b,5-10,170,R,R,2001-06-04,"Panama City,FL"
29,,2022,2,69,June-Reg,Clark Elliott,Oakland Athletics,of,0.90,Yes,A+,--,2020-2023,College,Michigan,MI,lf,6-0,183,L,R,2000-09-29,"Crystal Lake,IL"
30,,2022,2,70,June-Reg,Chandler Simpson,Tampa Bay Rays,ss,0.75,Yes,A,--,2020-2023,College,Georgia Tech,GA,lf,6-2,170,L,R,2000-11-18,"Atlanta,GA"
31,,2022,2,71,June-Reg,Ryan Cermak,Tampa Bay Rays,ss,0.75,Yes,A,--,2020-2023,College,Illinois State,IL,rf-cf,6-1,205,R,R,2001-06-02,"Hinsdale,IL"
32,,2022,2,72,June-Reg,Robert Moore,Milwaukee Brewers,ss,0.80,Yes,A+,--,2020-2023,College,Arkansas,AR,2b,5-9,170,B,R,2002-03-31,"Leawood,KS"
33,,2022,2,73,June-Reg,Justin Boyd,Cincinnati Reds,of,0.85,Yes,A+,--,2021-2023,College,Oregon State,OR,cf-lf,6-0,201,R,R,2001-03-30,"Parker,CO"
34,,2022,2,74,June-Reg,Walter Ford,Seattle Mariners,rhp,1.25,Yes,--,--,--,HS,"Pace (Pace,FL)",FL,p,6-3,198,R,R,2004-12-28,"Pensacola,FL"
35,,2022,2,75,June-Reg,Nick Morabito,New York Mets,of,1.00,Yes,Rk,--,2022-2022,HS,"Gonzaga College (Washington,DC)",DC,cf-rf,5-11,185,R,R,2003-05-07,"McLean,VA"
36,,2022,2,76,June-Reg,Blake Burkhalter,Atlanta Braves,rhp,0.65,Yes,A,--,2020-2022,College,Auburn,AL,p,6-0,204,R,R,2000-09-19,"Tuscaloosa,AL"
37,,2022,2,77,June-Reg,Tucker Toman,Toronto Blue Jays,ss,2.00,Yes,A,--,2022-2023,HS,"Hammond (Columbia,SC)",SC,3b-ss,6-1,190,B,R,2003-11-12,"Columbia,SC"
38,,2022,2,78,June-Reg,Cade Doughty,Toronto Blue Jays,2b,0.83,Yes,A+,--,2020-2023,College,LSU,LA,2b-3b,6-1,195,R,R,2001-03-26,"Baton Rouge,LA"
39,,2022,2,79,June-Reg,Roman Anthony,Boston Red Sox,of,2.50,Yes,A,--,2022-2023,HS,"Stoneman Douglas (Parkland,FL)",FL,cf-lf,6-3,200,L,R,2004-05-13,"West Palm Beach,FL"
40,,2022,2,80,June-Reg,Andrew Taylor,Houston Astros,rhp,0.81,Yes,A,--,2020-2023,College,Central Michigan,MI,p,6-5,190,R,R,2001-09-23,"Caledonia,MI"
41,41 record(s),,,,,,,,,,,,,,,,,,,,,,
0,,2022,3,81,June-Reg,Nolan McLean,Baltimore Orioles,3b,0.00,No,College,--,2021-2023,College,Oklahoma State,OK,3b,6-4,214,R,R,2001-07-24,"Willow Spring,NC"
1,,2022,3,82,June-Reg,Nate Savino,Arizona Diamondbacks,p,0.70,Yes,College,--,2020-2022,College,Virginia,VA,p,6-3,210,L,L,2002-01-24,"Sterling,VA"
2,,2022,3,83,June-Reg,Jack Brannigan,Pittsburgh Pirates,p,0.77,Yes,A,--,2020-2023,College,Notre Dame,IN,3b,6-0,190,R,R,2001-03-11,"Chicago,IL"
3,,2022,3,84,June-Reg,Trey Lipscomb,Washington Nationals,3b,0.76,Yes,A+,--,2019-2023,College,Tennessee,TN,3b,6-1,200,R,R,2000-06-14,"Frederick,MD"
4,,2022,3,85,June-Reg,Karson Milbrandt,Miami Marlins,p,1.50,Yes,A,--,2022-2023,HS,"Liberty (Liberty,MO)",MO,p,6-2,190,R,R,2004-04-21,"Liberty,MO"
5,,2022,3,86,June-Reg,Christopher Paciolla,Chicago Cubs,ss,0.90,Yes,Rk,--,2022-2022,HS,"Temecula Valley (Temecula,CA)",CA,3b-ss,6-2,185,R,R,2004-03-16,"Santa Monica,CA"
6,,2022,3,87,June-Reg,Mason Barnett,Kansas City Royals,p,0.70,Yes,A+,--,2020-2023,College,Auburn,AL,p,6-0,218,R,R,2000-11-07,"Kennesaw,GA"
7,,2022,3,88,June-Reg,Carson Palmquist,Colorado Rockies,p,0.78,Yes,A+,--,2020-2023,College,Miami,FL,p,6-3,185,L,L,2000-10-17,"Fort Myers,FL"
8,,2022,3,89,June-Reg,Ben Joyce,Los Angeles Angels,p,1.00,Yes,MLB,2023-2023,2020-2023,College,Tennessee,TN,p,6-5,225,R,R,2000-09-17,"Knoxville,TN"
9,,2022,3,90,June-Reg,Brandon Sproat,New York Mets,p,0.00,No,College,--,2020-2023,College,Florida,FL,p,6-3,210,R,R,2000-09-17,"Pensacola,FL"
10,,2022,3,91,June-Reg,Henry Williams,San Diego Padres,p,0.80,Yes,A,--,2020-2023,College,Duke,NC,p,6-5,200,R,R,2001-09-18,"Darien,CT"
11,,2022,3,92,June-Reg,Joe Lampe,Cleveland Guardians,of,0.80,Yes,A+,--,2020-2023,College,Arizona State,AZ,cf-lf,6-1,185,L,R,2000-12-05,"Petaluma,CA"
12,,2022,3,93,June-Reg,Gabriel Rincones,Philadelphia Phillies,of,0.63,Yes,A,--,2020-2023,College,Florida Atlantic,FL,of,6-4,225,L,R,2001-03-03,"Boynton Beach,FL"
13,,2022,3,94,June-Reg,Bryce Hubbart,Cincinnati Reds,p,0.55,Yes,A,--,2020-2023,College,Florida State,FL,p,6-1,181,L,L,2001-06-28,"Peoria,IL"
14,,2022,3,95,June-Reg,Colby Thomas,Oakland Athletics,of,0.75,Yes,A,--,2020-2023,College,Mercer,GA,of,6-0,190,R,R,2001-01-26,"Gainesville,GA"
15,,2022,3,96,June-Reg,Drake Baldwin,Atlanta Braves,c,0.64,Yes,A+,--,2020-2023,College,Missouri State,MO,c,6-0,210,L,R,2001-03-28,"Madison,WI"
16,,2022,3,97,June-Reg,Pete Hansen,St. Louis Cardinals,p,0.63,Yes,A,--,2020-2023,College,Texas,TX,p,6-2,205,R,L,2000-07-28,"Dallas,TX"
17,,2022,3,98,June-Reg,Alan Roden,Toronto Blue Jays,of,0.50,Yes,A+,--,2020-2023,College,Creighton,NE,rf,6-0,215,L,R,1999-12-22,"Middleton,WI"
18,,2022,3,99,June-Reg,Dalton Rogers,Boston Red Sox,p,0.45,Yes,A+,--,2020-2023,College,Southern Miss,MS,p,5-11,172,R,L,2001-01-18,"Brandon,MS"
19,,2022,3,100,June-Reg,Trystan Vrieling,New York Yankees,p,0.61,Yes,College,--,2020-2022,College,Gonzaga,WA,p,6-4,200,R,R,2000-10-02,"Lewiston,ID"
20,,2022,3,101,June-Reg,Jonathan Cannon,Chicago White Sox,p,0.93,Yes,A+,--,2020-2023,College,Georgia,GA,p,6-6,213,R,R,2000-07-19,"Alpharetta,GA"
21,,2022,3,102,June-Reg,Dylan O'Rae,Milwaukee Brewers,ss,0.60,Yes,Rk,--,2022-2022,HS,"Northern Collegiate (Sarnia,ON)",ON,2b-ss,5-7,160,L,R,2004-02-14,"Sarnia,ON"
22,,2022,3,103,June-Reg,Michael Knorr,Houston Astros,p,0.49,Yes,A+,--,2019-2023,College,Coastal Carolina,SC,p,6-5,245,R,R,2000-05-12,"Princeton,NJ"
23,,2022,3,104,June-Reg,Trevor Martin,Tampa Bay Rays,rhp,0.59,Yes,A,--,2021-2023,College,Oklahoma State,OK,p,6-5,238,R,R,2000-12-15,"Poteau,OK"
24,,2022,3,105,June-Reg,Alex Freeland,Los Angeles Dodgers,ss,0.58,Yes,A+,--,2021-2023,College,Central Florida,FL,ss-2b,6-2,200,B,R,2001-08-24,"Louisville,KY"
25,,2022,3,106,June-Reg,William Kempner,San Francisco Giants,p,0.53,Yes,A,--,2020-2023,College,Gonzaga,WA,p,6-0,222,R,R,2001-06-18,"San Jose,CA"
26,26 record(s),,,,,,,,,,,,,,,,,,,,,,
0,,2022,4,107,June-Reg,Silas Ardoin,Baltimore Orioles,c,0.57,Yes,A+,--,2020-2023,College,Texas,TX,c,6-0,215,R,R,2000-09-19,"Ville Platte,LA"
1,,2022,4,108,June-Reg,Dylan Ray,Arizona Diamondbacks,p,0.57,Yes,A+,--,2022-2023,College,Alabama,AL,p,6-3,230,R,R,2001-05-09,"Huntsville,AL"
2,,2022,4,109,June-Reg,Brock Porter,Texas Rangers,p,3.70,Yes,A,--,2023-2023,HS,"Orchard Lake St Mary's Prep (Orchard Lake,MI)",MI,p,6-4,208,R,R,2003-06-03,"Milford,MI"
3,,2022,4,110,June-Reg,Michael Kennedy,Pittsburgh Pirates,p,1.00,Yes,--,--,--,HS,"Troy (Troy,NY)",NY,p,6-1,205,L,L,2004-11-30,"Troy,NY"
4,,2022,4,111,June-Reg,Brenner Cox,Washington Nationals,of,1.00,Yes,A,--,2022-2023,HS,"Rock Hill (Frisco,TX)",TX,lf-cf,6-3,195,L,R,2004-05-11,"Houston,TX"
5,,2022,4,112,June-Reg,Marcus Johnson,Miami Marlins,p,0.51,Yes,A,--,2020-2023,College,Duke,NC,p,6-6,200,R,R,2000-12-11,"Whittier,CA"
6,,2022,4,113,June-Reg,Nazier Mule,Chicago Cubs,ss,1.00,Yes,--,--,--,HS,"Passaic County Technical Institute (Wayne,NJ)",NJ,ss,6-3,210,R,R,2004-10-15,"Paterson,NJ"
7,,2022,4,114,June-Reg,Andrew Morris,Minnesota Twins,p,0.50,Yes,A,--,2019-2023,College,Texas Tech,TX,p,6-0,195,R,R,2001-09-01,"New York,NY"
8,,2022,4,115,June-Reg,Steven Zobac,Kansas City Royals,p,0.50,Yes,A,--,2020-2023,College,California,CA,p,6-3,185,L,R,2000-10-14,"San Jose,CA"
9,,2022,4,116,June-Reg,Ryan Ritter,Colorado Rockies,ss,0.53,Yes,A,--,2020-2023,College,Kentucky,KY,ss,6-2,200,R,R,2000-11-10,"Evergreen Park,IL"
10,,2022,4,117,June-Reg,Troy Melton,Detroit Tigers,p,0.52,Yes,A+,--,2019-2023,College,San Diego State,CA,p,6-4,210,R,R,2000-12-03,"Newport Beach,CA"
11,,2022,4,118,June-Reg,Jake Madden,Los Angeles Angels,rhp,1.00,Yes,A,--,2022-2023,College,NW Florida State,FL,p,6-6,185,R,R,2001-12-26,"Camp Hill,PA"
12,,2022,4,119,June-Reg,Jacob Reimer,New York Mets,3b,0.78,Yes,A,--,2022-2023,HS,"Yucaipa (Yucaipa,CA)",CA,3b,6-2,205,R,R,2004-02-22,"Redlands,CA"
13,,2022,4,120,June-Reg,Lamar King,San Diego Padres,c,0.50,Yes,Rk,--,2022-2022,HS,"Calvert Hall (Baltimore,MD)",MD,c,6-3,215,R,R,2003-12-07,"Vancouver,BC"
14,,2022,4,121,June-Reg,Nate Furman,Cleveland Guardians,2b,0.30,Yes,A+,--,2021-2023,College,UNC Charlotte,NC,2b,5-8,180,L,R,2001-07-23,"Brookhaven,PA"
15,,2022,4,122,June-Reg,Alex McFarlane,Philadelphia Phillies,p,0.58,Yes,A,--,2020-2023,College,Miami,FL,p,6-4,215,R,R,2001-06-09,"St. Thomas,VG"
16,,2022,4,123,June-Reg,Kenya Huggins,Cincinnati Reds,p,0.41,Yes,A,--,2022-2023,College,Chipola,FL,p,6-3,215,R,R,2002-12-12,"New Orleans,LA"
17,,2022,4,124,June-Reg,Jacob Watters,Oakland Athletics,p,0.49,Yes,A+,--,2020-2023,College,West Virginia,WV,p,6-4,230,R,R,2001-03-03,"Rocky Gap,VA"
18,,2022,4,125,June-Reg,David McCabe,Atlanta Braves,3b,0.48,Yes,A+,--,2020-2023,College,UNC Charlotte,NC,if,6-4,230,B,R,2000-03-25,"Oshawa,ON"
19,,2022,4,126,June-Reg,Ashton Izzi,Seattle Mariners,p,1.10,Yes,--,--,--,HS,"Oswego East (Oswego,IL)",IL,p,6-3,165,R,R,2003-11-18,"Omaha,NE"
20,,2022,4,127,June-Reg,Jimmy Crooks,St. Louis Cardinals,c,0.47,Yes,A+,--,2020-2023,College,Oklahoma,OK,c,6-1,210,L,R,2001-07-19,"Euless,TX"
21,,2022,4,128,June-Reg,Ryan Jennings,Toronto Blue Jays,p,0.07,Yes,A,--,2018-2023,College,Louisiana Tech,LA,p,6-0,190,R,R,1999-06-23,"San Antonio,TX"
22,,2022,4,129,June-Reg,Chase Meidroth,Boston Red Sox,ss,0.27,Yes,AA,--,2020-2023,College,San Diego,CA,2b,5-10,170,R,R,2001-07-23,"Torrance,CA"
23,,2022,4,130,June-Reg,Anthony Hall,New York Yankees,of,0.46,Yes,A,--,2020-2023,College,Oregon,OR,rf,6-2,200,L,L,2001-02-09,"San Diego,CA"
24,,2022,4,131,June-Reg,Jordan Sprinkle,Chicago White Sox,ss,0.45,Yes,A,--,2020-2023,College,UC Santa Barbara,CA,ss,5-11,180,R,R,2001-03-06,"Indio,CA"
25,,2022,4,132,June-Reg,Matthew Wood,Milwaukee Brewers,c,0.35,Yes,A+,--,2020-2023,College,Penn State,PA,c,5-10,190,L,R,2001-03-02,"Naperville,IL"
26,,2022,4,133,June-Reg,Trey Dombroski,Houston Astros,p,0.44,Yes,A,--,2020-2023,College,Monmouth,NJ,p,6-5,235,R,L,2001-03-13,"Manasquan,NJ"
27,,2022,4,134,June-Reg,Dominic Keegan,Tampa Bay Rays,c,0.40,Yes,A,--,2019-2023,College,Vanderbilt,TN,1b,6-0,210,R,R,2000-08-01,"Methuen,MA"
28,,2022,4,135,June-Reg,Nick Biddison,Los Angeles Dodgers,2b,0.38,Yes,A,--,2019-2023,College,Virginia Tech,VA,2b,5-10,190,R,R,2000-07-30,"Glen Allen,VA"
29,,2022,4,136,June-Reg,Spencer Miles,San Francisco Giants,p,0.35,Yes,A,--,2020-2022,College,Missouri,MO,p,6-3,180,L,R,2000-07-26,"Columbia,MO"
30,30 record(s),,,,,,,,,,,,,,,,,,,,,,
0,,2022,5,137,June-Reg,Trace Bright,Baltimore Orioles,p,0.40,Yes,A+,--,2020-2023,College,Auburn,AL,p,6-4,199,R,R,2000-10-26,"Montgomery,AL"
1,,2022,5,138,June-Reg,Andrew Pintar,Arizona Diamondbacks,ss,0.32,Yes,A,--,2020-2023,College,Brigham Young,UT,ss,6-2,190,R,R,2001-03-23,"Provo,UT"
2,,2022,5,139,June-Reg,Chandler Pollard,Texas Rangers,of,0.42,Yes,Rk,--,2022-2022,HS,"Woodward Academy (College Park,GA)",GA,2b,6-2,173,R,R,2004-05-03,"Kennesaw,GA"
3,,2022,5,140,June-Reg,Tres Gonzalez,Pittsburgh Pirates,of,0.35,Yes,A+,--,2020-2023,College,Georgia Tech,GA,rf-cf,5-11,185,L,L,2000-10-04,"Atlanta,GA"
4,,2022,5,141,June-Reg,Jared McKenzie,Washington Nationals,of,0.41,Yes,A+,--,2020-2023,College,Baylor,TX,rf-lf,6-0,180,L,L,2001-05-16,"Tallahassee,FL"
5,,2022,5,142,June-Reg,Josh White,Miami Marlins,p,0.41,Yes,A+,--,2020-2023,College,California,CA,p,6-1,205,R,R,2000-11-24,"Walnut Creek,CA"
6,,2022,5,143,June-Reg,Brandon Birdsell,Chicago Cubs,p,0.39,Yes,A+,--,2019-2023,College,Texas Tech,TX,p,6-2,240,R,R,2000-03-23,"Conroe,TX"
7,,2022,5,144,June-Reg,Ben Ross,Minnesota Twins,ss,0.22,Yes,A+,--,2022-2023,College,Notre Dame College,OH,ss-lf,6-1,180,R,R,2001-06-06,"Springfield,OH"
8,,2022,5,145,June-Reg,Hunter Patteson,Kansas City Royals,p,0.39,Yes,College,--,2020-2022,College,Central Florida,FL,p,6-4,190,L,L,2000-04-04,"Boynton Beach,FL"
9,,2022,5,146,June-Reg,Connor Staine,Colorado Rockies,p,0.50,Yes,A,--,2020-2023,College,Central Florida,FL,p,6-4,200,R,R,2001-01-12,"Clinton,Nj"
10,,2022,5,147,June-Reg,Luke Gold,Detroit Tigers,2b,0.39,Yes,A,--,2020-2023,College,Boston College,MA,3b-2b,6-0,220,R,R,2000-10-10,"Schenectady,NY"
11,,2022,5,148,June-Reg,Sonny DiChiara,Los Angeles Angels,1b,0.17,Yes,AA,--,2019-2023,College,Auburn,AL,1b,6-1,263,R,R,1999-07-29,"Homewood,AL"
12,,2022,5,149,June-Reg,D'Andre Smith,New York Mets,2b,0.38,Yes,A,--,2021-2022,College,USC,CA,2b,5-9,180,R,R,2001-05-10,"San Diego,CA"
13,,2022,5,150,June-Reg,Nathan Martorella,San Diego Padres,1b,0.33,Yes,A+,--,2020-2023,College,California,CA,1b-lf,6-1,224,L,L,2001-02-18,"Monterey,CA"
14,,2022,5,151,June-Reg,Guy Lipscomb,Cleveland Guardians,of,0.28,Yes,A,--,2021-2023,College,Belmont,TN,of,6-2,195,L,R,2001-03-11,"Tupelo,MS"
15,,2022,5,152,June-Reg,Orion Kerkering,Philadelphia Phillies,p,0.32,Yes,A+,--,2020-2023,College,South Florida,FL,p,6-2,204,R,R,2001-04-04,"Huntington Beach,CA"
16,,2022,5,153,June-Reg,Cade Hunter,Cincinnati Reds,c,0.36,Yes,A,--,2020-2023,College,Virginia Tech,VA,c,6-2,200,L,R,2000-11-29,"Meadowbrook,PA"
17,,2022,5,154,June-Reg,Jack Perkins,Oakland Athletics,p,0.27,Yes,A+,--,2019-2023,College,Indiana,IN,p,6-1,220,R,R,1999-12-26,"Kokomo,IN"
18,,2022,5,155,June-Reg,Ignacio Alvarez,Atlanta Braves,3b,0.50,Yes,A+,--,2022-2023,College,Riverside CC,CA,3b-ss,6-0,190,R,R,2003-04-11,"Fontana,CA"
19,,2022,5,156,June-Reg,Reid VanScoter,Seattle Mariners,p,0.02,Yes,A+,--,2018-2023,College,Coastal Carolina,SC,p,6-0,190,L,L,1998-11-25,"Rochester,NY"
20,,2022,5,157,June-Reg,Victor Scott,St. Louis Cardinals,of,0.35,Yes,A+,--,2020-2023,College,West Virginia,WV,cf,5-11,190,L,L,2001-02-12,"Atlanta,GA"
21,,2022,5,158,June-Reg,Mason Fluharty,Toronto Blue Jays,p,0.22,Yes,AA,--,2020-2023,College,Liberty,VA,p,6-2,215,R,L,2001-08-13,"Lewes,DE"
22,,2022,5,159,June-Reg,Noah Dean,Boston Red Sox,p,0.33,Yes,A,--,2020-2023,College,Old Dominion,VA,p,6-2,185,L,L,2001-03-10,"Hackensack,NJ"
23,,2022,5,160,June-Reg,Eric Reyzelman,New York Yankees,p,0.34,Yes,A,--,2020-2022,College,LSU,LA,p,6-2,188,R,R,2001-06-27,"San Ramon,CA"
24,,2022,5,161,June-Reg,Tyler Schweitzer,Chicago White Sox,p,0.33,Yes,A,--,2020-2023,College,Ball State,IN,p,6-0,185,L,L,2000-09-19,"Indianapolis,IN"
25,,2022,5,162,June-Reg,Will Rudy,Milwaukee Brewers,p,0.15,Yes,A,--,2020-2023,College,Cal Poly Pomona,CA,p,6-1,170,R,R,2001-05-07,"Newport Beach,CA"
26,,2022,5,163,June-Reg,Nolan DeVos,Houston Astros,p,0.20,Yes,A,--,2020-2023,College,Davidson,NC,p,6-0,185,R,R,2000-08-11,"Harrisburg,NC"
27,,2022,5,164,June-Reg,Jalen Battles,Tampa Bay Rays,ss,0.25,Yes,AA,--,2019-2023,College,Arkansas,AR,ss,6-2,210,R,R,1999-12-20,"San Antonio,TX"
28,,2022,5,165,June-Reg,Sean McLain,Los Angeles Dodgers,ss,0.32,Yes,A,--,2020-2022,College,Arizona State,AZ,ss,5-11,170,R,R,2001-03-22,"Costa Mesa,CA"
29,,2022,5,166,June-Reg,Liam Simon,San Francisco Giants,p,0.32,Yes,A,--,2020-2023,College,Notre Dame,IN,p,6-4,220,R,R,2000-10-16,"Princeton,NJ"
30,30 record(s),,,,,,,,,,,,,,,,,,,,,,
0,,2022,6,167,June-Reg,Douglas Hodo,Baltimore Orioles,of,0.31,Yes,A+,--,2020-2023,College,Texas,TX,lf-cf,6-0,185,R,R,2000-09-25,"Houston,TX"
1,,2022,6,168,June-Reg,Will Mabrey,Arizona Diamondbacks,p,0.23,Yes,A+,--,2020-2023,College,Tennessee,TN,p,6-0,185,L,L,2000-09-23,"Cookeville,TN"
2,,2022,6,169,June-Reg,Tommy Specht,Texas Rangers,of,0.45,Yes,A,--,2022-2023,HS,"Wahlert (Dubuque,IA)",IA,lf-rf,6-3,200,L,R,2004-06-24,"Dubuque,IA"
3,,2022,6,170,June-Reg,Derek Diamond,Pittsburgh Pirates,p,0.31,Yes,A,--,2020-2023,College,Mississippi,MS,p,6-2,200,R,R,2001-01-04,"La Jolla,CA"
4,,2022,6,171,June-Reg,Nathaniel Ochoa Leyva,Washington Nationals,3b,0.38,Yes,Rk,--,2022-2022,HS,- (),ON,3b-ss,6-4,215,R,R,2003-10-15,"Burlington,ON"
5,,2022,6,172,June-Reg,Jared Poland,Miami Marlins,p,0.15,Yes,A+,--,2019-2023,College,Louisville,KY,p,6-0,215,R,R,2000-01-12,"Indianapolis,IN"
6,,2022,6,173,June-Reg,Will Frisch,Chicago Cubs,p,0.23,Yes,College,--,2020-2021,College,Oregon State,OR,p,6-0,222,R,R,2000-07-14,"St. Paul,MN"
7,,2022,6,174,June-Reg,Jorel Ortega,Minnesota Twins,ss,0.25,Yes,A,--,2022-2023,College,Tennessee,TN,3b-2b,6-0,194,R,R,2001-01-22,"Bayamon,PR"
8,,2022,6,175,June-Reg,Hayden Dunhurst,Kansas City Royals,c,0.30,Yes,Rk,--,2020-2022,College,Mississippi,MS,c,5-11,220,L,R,2000-09-19,"Slidell,LA"
9,,2022,6,176,June-Reg,Michael Prosecky,Colorado Rockies,p,0.30,Yes,A,--,2020-2023,College,Louisville,KY,p,6-3,200,L,L,2001-02-28,"Hinsdale,IL"
10,,2022,6,177,June-Reg,Danny Serretti,Detroit Tigers,ss,0.29,Yes,AA,--,2019-2023,College,North Carolina,NC,ss-2b,6-1,195,B,R,2000-05-07,"Livingston,NJ"
11,,2022,6,178,June-Reg,Victor Mederos,Los Angeles Angels,p,0.23,Yes,AA,--,2021-2023,College,Oklahoma State,OK,p,6-2,227,R,R,2001-06-08,"Santa Clara,CU"
12,,2022,6,179,June-Reg,Tyler Stuart,New York Mets,p,0.22,Yes,A+,--,2021-2023,College,Southern Miss,MS,p,6-9,250,R,R,1999-10-08,"Kankakee,IL"
13,,2022,6,180,June-Reg,Jakob Marsee,San Diego Padres,of,0.25,Yes,A+,--,2020-2023,College,Central Michigan,MI,cf-rf,6-0,180,L,L,2001-06-28,"Dearborn,MI"
14,,2022,6,181,June-Reg,Dylan DeLucia,Cleveland Guardians,p,0.28,Yes,College,--,2020-2022,College,Mississippi,MS,p,6-1,205,R,R,2000-08-01,"Daytona Beach,FL"
15,,2022,6,182,June-Reg,Mavis Graves,Philadelphia Phillies,p,0.25,Yes,--,--,--,HS,"Eastside (Taylors,SC)",SC,p,6-6,205,L,L,2003-11-20,"Greenville,SC"
16,,2022,6,183,June-Reg,Zach Maxwell,Cincinnati Reds,p,0.22,Yes,A,--,2020-2023,College,Georgia Tech,GA,p,6-6,275,R,R,2001-01-26,"Nashville,TN"
17,,2022,6,184,June-Reg,Brennan Milone,Oakland Athletics,ss,0.20,Yes,A,--,2020-2023,College,South Carolina,SC,2b,6-1,198,R,R,2001-05-06,"Marietta,GA"
18,,2022,6,185,June-Reg,Seth Keller,Atlanta Braves,rhp,0.70,Yes,A,--,2022-2023,HS,"Hanover (Mechanicsville,VA)",VA,p,5-10,180,R,R,2004-05-26,"Richmond,VA"
19,,2022,6,186,June-Reg,Josh Hood,Seattle Mariners,ss,0.25,Yes,A,--,2019-2023,College,NC State,NC,3b-ss,6-2,202,R,R,2000-07-21,"Vineland,NJ"
20,,2022,6,187,June-Reg,Max Rajcic,St. Louis Cardinals,p,0.60,Yes,A,--,2021-2023,College,UCLA,CA,p,6-0,210,R,R,2001-08-03,"Orange,CA"
21,,2022,6,188,June-Reg,T.J. Brock,Toronto Blue Jays,p,0.07,Yes,AA,--,2019-2023,College,Ohio State,OH,p,6-1,200,R,R,1999-08-10,"Cincinnati,OH"
22,,2022,6,189,June-Reg,Alex Hoppe,Boston Red Sox,p,0.03,Yes,A+,--,2018-2023,College,UNC-Greensboro,NC,p,6-1,200,R,R,1998-12-17,"Davenport,IA"
23,,2022,6,190,June-Reg,Chase Hampton,New York Yankees,p,0.50,Yes,A+,--,2021-2023,College,Texas Tech,TX,p,6-2,225,R,R,2001-08-07,"Longview,TX"
24,,2022,6,191,June-Reg,Eric Adler,Chicago White Sox,p,0.20,Yes,A,--,2020-2023,College,Wake Forest,NC,p,6-2,190,R,R,2000-10-12,"Melbourne,FL"
25,,2022,6,192,June-Reg,Tyler Woessner,Milwaukee Brewers,p,0.10,Yes,A+,--,2022-2023,College,Central Arizona College,AZ,p,6-4,230,R,R,1999-10-26,"Phoenix,AZ"
26,,2022,6,193,June-Reg,Collin Price,Houston Astros,c,0.12,Yes,A+,--,2019-2023,College,Mercer,GA,c,6-6,205,R,R,1999-11-15,"Suwanee,GA"
27,,2022,6,194,June-Reg,Gary Gill Hill,Tampa Bay Rays,p,0.60,Yes,--,--,--,HS,"Kennedy Catholic (Somers,NY)",NY,p,6-2,160,R,R,2004-09-20,"New Rochelle,NY"
28,,2022,6,195,June-Reg,Logan Wagner,Los Angeles Dodgers,ss,0.60,Yes,Rk,--,2022-2022,HS,"P27 Sports Academy (Lexington,SC)",SC,3b-2b,6-1,200,B,R,2004-03-09,"Aurora,IL"
29,,2022,6,196,June-Reg,Hayden Birdsong,San Francisco Giants,p,0.19,Yes,A,--,2020-2023,College,Eastern Illinois,IL,p,6-4,215,R,R,2001-08-30,"Mattoon,IL"
30,30 record(s),,,,,,,,,,,,,,,,,,,,,,
0,,2022,7,197,June-Reg,Preston Johnson,Baltimore Orioles,p,0.33,Yes,Rk,--,2019-2022,College,Mississippi,MS,p,6-4,250,R,R,2000-03-11,"Jackson,MS"
1,,2022,7,198,June-Reg,Demetrio Crisantes,Arizona Diamondbacks,ss,0.43,Yes,--,--,--,HS,"Nogales (Nogales,AZ)",AZ,ss,6-0,178,R,R,2004-09-05,"Tucson,AZ"
2,,2022,7,199,June-Reg,Luis Ramirez,Texas Rangers,p,0.25,Yes,A,--,2020-2023,College,Long Beach State,CA,p,6-2,200,R,R,2001-04-06,"Los Angeles,CA"
3,,2022,7,200,June-Reg,J.P. Massey,Pittsburgh Pirates,p,0.15,Yes,A,--,2019-2023,College,Minnesota,MN,p,6-5,205,R,R,2000-04-01,"Chicago,IL"
4,,2022,7,201,June-Reg,Riley Cornelio,Washington Nationals,p,0.24,Yes,A,--,2020-2023,College,Texas Christian,TX,p,6-3,195,R,R,2000-06-06,"Honolulu,HI"
5,,2022,7,202,June-Reg,Kyle Crigger,Miami Marlins,p,0.04,Yes,A+,--,2018-2023,College,Louisiana Tech,LA,p,6-2,180,R,R,1999-06-04,"Germantown,TN"
6,,2022,7,203,June-Reg,Nick Hull,Chicago Cubs,p,0.03,Yes,A,--,2018-2023,College,Grand Canyon,AZ,p,6-0,205,R,R,1999-08-21,"Edmonds,WA"
7,,2022,7,204,June-Reg,Kyle Jones,Minnesota Twins,p,0.18,Yes,A+,--,2019-2023,College,Toledo,OH,p,6-1,200,L,R,2000-02-07,"St. Clair Shores,MI"
8,,2022,7,205,June-Reg,Mack Anglin,Kansas City Royals,p,0.23,Yes,A,--,2020-2023,College,Clemson,SC,p,6-4,220,R,R,2000-07-05,"Columbus,OH"
9,,2022,7,206,June-Reg,Kody Huff,Colorado Rockies,c,0.23,Yes,A,--,2020-2023,College,Stanford,CA,c,5-10,198,R,R,2000-12-11,"Scottsdale,AZ"
10,,2022,7,207,June-Reg,Seth Stephenson,Detroit Tigers,ss,0.30,Yes,A,--,2020-2023,College,Tennessee,TN,cf-rf,5-9,165,R,R,2001-01-10,"Austin,TX"
11,,2022,7,208,June-Reg,Roman Phansalkar,Los Angeles Angels,p,0.03,Yes,A+,--,2020-2023,College,Oklahoma State,OK,p,6-1,195,R,R,1998-06-02,"Edmond,OK"
12,,2022,7,209,June-Reg,Jonah Tong,New York Mets,p,0.23,Yes,--,--,--,HS,"Bill Crothers (Unionville,ON)",ON,p,6-1,180,R,R,2003-06-19,"Markham,ON"
13,,2022,7,210,June-Reg,Nick Vogt,San Diego Padres,of,0.20,Yes,A,--,2020-2023,College,UC Santa Barbara,CA,of,6-1,185,R,R,2000-08-04,"Modesto,CA"
14,,2022,7,211,June-Reg,Javier Santos,Cleveland Guardians,p,0.13,Yes,--,--,--,HS,"Georgia Premier Academy (Statesboro,GA)",GA,p,6-0,190,L,R,2003-06-02,"La Vega,DR"
15,,2022,7,212,June-Reg,Caleb Ricketts,Philadelphia Phillies,c,0.22,Yes,A+,--,2019-2023,College,San Diego,CA,c,6-4,225,L,R,2000-05-10,"Newport Beach,CA"
16,,2022,7,213,June-Reg,Trey Faltine,Cincinnati Reds,ss,0.20,Yes,A+,--,2020-2023,College,Texas,TX,ss-2b,6-2,198,R,R,2001-01-08,"Houston,TX"
17,,2022,7,214,June-Reg,Yeniel Laboy,Oakland Athletics,ss,0.18,Yes,Rk,--,2022-2022,HS,"Carlos Beltran Baseball Academy (Florida,PR)",PR,3b,6-3,196,L,R,2004-05-11,"Arecibo,PR"
18,,2022,7,215,June-Reg,Adam Maier,Atlanta Braves,p,1.20,Yes,College,--,2020-2022,College,Oregon,OR,p,6-0,203,R,R,2001-11-26,"Vancouver,BC"
19,,2022,7,216,June-Reg,Hogan Windish,Seattle Mariners,2b,0.02,Yes,A+,--,2019-2023,College,UNC-Greensboro,NC,2b-1b,6-1,222,R,R,1999-05-10,"Pinehurst,NC"
20,,2022,7,217,June-Reg,Alex Iadisernia,St. Louis Cardinals,of,0.21,Yes,A,--,2020-2023,College,Elon,NC,rf-lf,5-11,180,L,L,2000-10-11,"Staten Island,NY"
21,,2022,7,218,June-Reg,Peyton Williams,Toronto Blue Jays,1b,0.20,Yes,A+,--,2020-2023,College,Iowa,IA,1b,6-5,255,L,L,2000-09-14,"Des Moines,IA"
22,,2022,7,219,June-Reg,Caleb Bolden,Boston Red Sox,p,0.01,Yes,A,--,2018-2023,College,Texas Christian,TX,p,6-2,190,R,R,1998-12-19,"Texarkana,TX"
23,,2022,7,220,June-Reg,Cam Schlittler,New York Yankees,p,0.21,Yes,College,--,2020-2022,College,Northeastern,MA,p,6-6,210,R,R,2001-02-05,"Walpole,MA"
24,,2022,7,221,June-Reg,Mark McLaughlin,Chicago White Sox,p,0.15,Yes,A,--,2020-2023,College,Tennessee,TN,p,6-3,205,R,R,2001-02-14,"Atlanta,GA"
25,,2022,7,222,June-Reg,Ben Metzinger,Milwaukee Brewers,3b,0.10,Yes,A+,--,2019-2023,College,Louisville,KY,3b,6-0,195,R,R,1999-06-26,"Louisville,KY"
26,,2022,7,223,June-Reg,A.J. Blubaugh,Houston Astros,p,0.17,Yes,A+,--,2020-2023,College,Milwaukee,WI,p,6-2,180,R,R,2000-07-04,"Mansfield,OH"
27,,2022,7,224,June-Reg,Blake Robertson,Tampa Bay Rays,1b,0.20,Yes,A+,--,2020-2023,College,Oklahoma,OK,1b,6-5,200,L,R,2001-05-19,"San Antonio,TX"
28,,2022,7,225,June-Reg,Chris Campos,Los Angeles Dodgers,ss,0.20,Yes,A,--,2020-2023,College,St. Mary's (CA),CA,p,5-10,170,R,R,2000-08-13,"Montebello,CA"
29,,2022,7,226,June-Reg,Zach Morgan,San Francisco Giants,c,0.12,Yes,A,--,2020-2023,College,Fresno State,CA,c,6-0,180,R,R,2000-03-30,"Stockton,CA"
30,30 record(s),,,,,,,,,,,,,,,,,,,,,,
0,,2022,8,227,June-Reg,Cameron Weston,Baltimore Orioles,p,0.20,Yes,A,--,2020-2022,College,Michigan,MI,p,6-2,215,R,R,2000-08-27,"Pittsburgh,PA"
1,,2022,8,228,June-Reg,Adrian Rodriguez,Arizona Diamondbacks,ss,0.20,Yes,Rk,--,2022-2022,HS,"International Baseball Academy (Ceiba,PR)",PR,3b-ss,6-0,170,R,R,2003-10-21,"Guayama,PR"
2,,2022,8,229,June-Reg,Matt Brosky,Texas Rangers,p,0.01,Yes,AA,--,2019-2023,College,Youngstown State,OH,p,5-10,190,R,R,1999-09-15,"Middleburg Heights,OH"
3,,2022,8,230,June-Reg,Cy Nielson,Pittsburgh Pirates,p,0.18,Yes,A+,--,2020-2023,College,Brigham Young,UT,p,6-3,210,R,L,2001-02-25,"Cedar City,UT"
4,,2022,8,231,June-Reg,Chance Huff,Washington Nationals,p,0.19,Yes,A+,--,2019-2023,College,Georgia Tech,GA,p,6-4,220,R,R,2000-04-19,"Niceville,FL"
5,,2022,8,232,June-Reg,Dale Stanavich,Miami Marlins,p,0.05,Yes,A,--,2019-2022,College,Rutgers,NJ,p,5-11,175,L,L,1999-06-23,"Amsterdam,NY"
6,,2022,8,233,June-Reg,Mason McGwire,Chicago Cubs,p,0.20,Yes,--,--,--,HS,"Capistrano Valley (Mission Viejo,CA)",CA,p,6-4,190,R,R,2004-01-05,"Irvine,CA"
7,,2022,8,234,June-Reg,Zebby Matthews,Minnesota Twins,p,0.13,Yes,A,--,2019-2023,College,Western Carolina,NC,p,6-5,210,R,R,2000-05-22,"Cullowhee,NC"
8,,2022,8,236,June-Reg,Davis Palermo,Colorado Rockies,p,0.18,Yes,A,--,2020-2023,College,North Carolina,NC,p,6-2,180,R,R,1999-12-16,"Chapel Hill,NC"
9,,2022,8,237,June-Reg,Jake Miller,Detroit Tigers,p,0.15,Yes,A,--,2021-2023,College,Valparaiso,IN,p,6-2,185,L,L,2001-06-27,"Suffern,NY"
10,,2022,8,238,June-Reg,Dylan Phillips,Los Angeles Angels,of,0.04,Yes,A+,--,2019-2023,College,Kansas State,KS,p,6-0,220,L,L,1999-06-16,"Omaha,NE"
11,,2022,8,239,June-Reg,Dylan Tebrake,New York Mets,p,0.14,Yes,A+,--,2019-2023,College,Creighton,NE,p,6-3,225,R,R,1999-07-13,"St. Cloud,MN"
12,,2022,8,240,June-Reg,Griffin Doersching,San Diego Padres,1b,0.03,Yes,A,--,2018-2023,College,Oklahoma State,OK,1b,6-4,251,R,R,1998-08-12,"Milwaukee,WI"
13,,2022,8,241,June-Reg,Jackson Humphries,Cleveland Guardians,p,0.60,Yes,--,--,--,HS,"Fuquay Varina (Fuquay Varina,NC)",NC,p,6-1,200,R,L,2004-07-20,"Cary,NC"
14,,2022,8,242,June-Reg,Alex Rao,Philadelphia Phillies,p,0.07,Yes,A,--,2019-2023,College,Notre Dame,IN,p,6-4,230,R,R,1999-10-25,"Hope Sound,FL"
15,,2022,8,243,June-Reg,Chris McElvain,Cincinnati Reds,p,0.18,Yes,A,--,2020-2023,College,Vanderbilt,TN,p,6-0,205,R,R,2000-09-15,"Columbia,TN"
16,,2022,8,244,June-Reg,Micah Dallas,Oakland Athletics,p,0.13,Yes,AAA,--,2019-2023,College,Texas A&M,TX,p,6-2,215,R,R,2000-04-14,"Carrollton,TX"
17,,2022,8,245,June-Reg,Jason Franks,Atlanta Braves,p,0.00,Yes,A,--,2020-2023,College,Cal Poly,CA,p,6-3,200,R,R,1999-01-23,"Novato,CA"
18,,2022,8,246,June-Reg,Tatem Levins,Seattle Mariners,c,0.05,Yes,A,--,2019-2023,College,Pittsburgh,PA,1b-c,6-0,206,L,R,1999-05-29,"Langhorne,PA"
19,,2022,8,247,June-Reg,Cade Winquest,St. Louis Cardinals,p,0.17,Yes,A,--,2019-2023,College,Texas-Arlington,TX,p,6-2,205,R,R,2000-04-30,"Fort Worth,TX"
20,,2022,8,248,June-Reg,Dylan Rock,Toronto Blue Jays,of,0.02,Yes,AA,--,2018-2023,College,Texas A&M,TX,lf-rf,6-1,210,R,R,1998-08-21,"Sugar Land,TX"
21,,2022,8,249,June-Reg,Jonathan Brand,Boston Red Sox,p,0.01,Yes,A,--,2019-2023,College,Miami,OH,p,5-9,200,R,R,2000-02-20,"Columbus,GA"
22,,2022,8,250,June-Reg,Brett Barrera,New York Yankees,ss,0.14,Yes,A,--,2020-2023,College,Stanford,CA,2b,6-1,217,R,R,2001-05-07,"San Dimas,CA"
23,,2022,8,251,June-Reg,Mario Camilletti,Chicago White Sox,2b,0.02,Yes,A,--,2018-2023,College,Central Michigan,MI,2b,5-9,195,L,R,1999-04-19,"Troy,MI"
24,,2022,8,252,June-Reg,Nate Peterson,Milwaukee Brewers,p,0.17,Yes,A,--,2019-2023,College,Illinois-Chicago,IL,p,5-10,180,L,L,2000-02-15,"Phoenix,AZ"
25,,2022,8,253,June-Reg,Tyler Guilfoil,Houston Astros,p,0.12,Yes,A,--,2019-2023,College,Kentucky,KY,p,6-4,215,R,R,2000-01-19,"Lexington,KY"
26,,2022,8,254,June-Reg,Sean Harney,Tampa Bay Rays,p,0.05,Yes,AA,--,2018-2023,College,Kentucky,KY,p,6-0,190,L,R,1998-07-10,"Boston,MA"
27,,2022,8,255,June-Reg,Taylor Young,Los Angeles Dodgers,2b,0.00,Yes,A+,--,2018-2023,College,Louisiana Tech,LA,2b,5-9,170,R,R,1998-08-06,"West Monroe,LA"
28,,2022,8,256,June-Reg,Wade Meckler,San Francisco Giants,of,0.10,Yes,AA,--,2019-2023,College,Oregon State,OR,lf-cf,5-10,178,L,R,2000-04-21,"Anaheim,CA"
29,29 record(s),,,,,,,,,,,,,,,,,,,,,,
0,,2022,9,257,June-Reg,Adam Crampton,Baltimore Orioles,ss,0.13,Yes,A,--,2020-2023,College,Stanford,CA,2b-ss,6-1,183,R,R,2001-05-24,"Tainan City,TW"
1,,2022,9,258,June-Reg,Gavin Logan,Arizona Diamondbacks,c,0.08,Yes,A+,--,2019-2023,College,Oregon State,OR,c,5-11,212,L,R,2000-01-14,"Medicine Hat,AB"
2,,2022,9,259,June-Reg,Griffin Cheney,Texas Rangers,ss,0.00,Yes,A+,--,2018-2023,College,Georgia State,GA,2b-ss,5-11,185,R,R,1999-05-21,"Johns Creek,GA"
3,,2022,9,260,June-Reg,Mike Walsh,Pittsburgh Pirates,p,0.15,Yes,A,--,2020-2023,College,Yale,CT,p,6-2,195,R,R,2001-01-17,"Chicago,IL"
4,,2022,9,261,June-Reg,Maxwell Romero,Washington Nationals,c,0.17,Yes,A,--,2021-2023,College,Miami,FL,c,6-1,218,L,R,2001-04-29,"Miami,FL"
5,,2022,9,262,June-Reg,Evan Taylor,Miami Marlins,p,0.14,Yes,A,--,2019-2023,College,Arkansas,AR,p,6-4,250,L,L,1999-12-26,"Florence,AL"
6,,2022,9,263,June-Reg,Connor Noland,Chicago Cubs,p,0.20,Yes,A+,--,2019-2023,College,Arkansas,AR,p,6-2,215,R,R,1999-07-20,"Greenwood,AR"
7,,2022,9,264,June-Reg,Cory Lewis,Minnesota Twins,p,0.14,Yes,A,--,2021-2023,College,UC Santa Barbara,CA,p,6-5,220,R,R,2000-10-09,"Fountain Valley,CA"
8,,2022,9,265,June-Reg,Brandon Johnson,Kansas City Royals,p,0.05,Yes,A+,--,2019-2023,College,Mississippi,MS,p,6-0,195,R,R,1999-06-12,"Tuscaloosa,AL"
9,,2022,9,266,June-Reg,Brad Cumbest,Colorado Rockies,of,0.16,Yes,Rk,--,2020-2022,College,Mississippi State,MS,lf,6-6,235,R,R,2000-07-13,"Biloxi,MS"
10,,2022,9,267,June-Reg,Andrew Jenkins,Detroit Tigers,1b,0.16,Yes,A,--,2020-2023,College,Georgia Tech,GA,1b,5-11,217,R,R,2000-11-03,"Milwaukee,WI"
11,,2022,9,268,June-Reg,Joe Stewart,Los Angeles Angels,of,0.01,Yes,A+,--,2018-2023,College,Michigan,MI,cf-rf,6-4,207,R,R,1998-05-06,"Kalamazoo,MI"
12,,2022,9,269,June-Reg,Chase Estep,New York Mets,2b,0.13,Yes,A+,--,2020-2023,College,Kentucky,KY,2b,6-0,200,L,R,2000-04-12,"Corbin,KY"
13,,2022,9,270,June-Reg,Dylan Nedved,San Diego Padres,p,0.02,Yes,A,--,2018-2023,College,Iowa,IA,p,6-2,195,R,R,1999-04-23,"Shawnee,KS"
14,,2022,9,271,June-Reg,Austin Peterson,Cleveland Guardians,p,0.13,Yes,A,--,2019-2023,College,Connecticut,CT,p,6-6,234,R,R,1999-09-19,"Valparaiso,IN"
15,,2022,9,272,June-Reg,Chad Castillo,Philadelphia Phillies,of,0.02,Yes,A,--,2019-2023,College,California Baptist,CA,1b,6-4,225,L,R,2000-04-19,"Orange,CA"
16,,2022,9,273,June-Reg,Rob Hensey,Cincinnati Reds,p,0.05,Yes,A,--,2019-2023,College,Monmouth,NJ,p,6-4,220,L,L,1999-09-29,"Yonkers,NY"
17,,2022,9,274,June-Reg,Caeden Trenkle,Oakland Athletics,of,0.13,Yes,A+,--,2020-2023,College,Oklahoma State,OK,cf,5-10,179,L,L,2001-06-29,"Hillsboro,TX"
18,,2022,9,275,June-Reg,Cory Acton,Atlanta Braves,2b,0.00,Yes,A+,--,2019-2023,College,Georgia,GA,2b,6-0,175,L,R,1999-03-22,"Fort Lauderdale,FL"
19,,2022,9,276,June-Reg,Tyler Gough,Seattle Mariners,p,0.28,Yes,A,--,2023-2023,HS,"JSerra Catholic (San Juan Capistrano,CA)",CA,p,6-2,205,B,R,2003-08-12,"San Diego,CA"
20,,2022,9,277,June-Reg,Joseph King,St. Louis Cardinals,p,0.13,Yes,A,--,2020-2023,College,California,CA,p,6-1,194,R,R,2001-02-23,"Redwood City,CA"
21,,2022,9,278,June-Reg,Devereaux Harrison,Toronto Blue Jays,p,0.12,Yes,A+,--,2020-2023,College,Long Beach State,CA,p,6-0,190,R,R,2000-11-08,"Vallejo,CA"
22,,2022,9,279,June-Reg,Brooks Brannon,Boston Red Sox,c,0.71,Yes,Rk,--,2022-2022,HS,"Randleman (Randleman,NC)",NC,c,6-0,210,R,R,2004-05-04,"Greensboro,NC"
23,,2022,9,280,June-Reg,Matt Keating,New York Yankees,p,0.12,Yes,A,--,2020-2023,College,USC,CA,p,6-1,215,R,R,2000-12-08,"Omaha,NE"
24,,2022,9,281,June-Reg,Michael Turner,Chicago White Sox,--,0.04,Yes,A+,--,2018-2023,College,Arkansas,AR,c,6-2,205,L,R,1998-08-18,"Warren,OH"
25,,2022,9,282,June-Reg,Tayden Hall,Milwaukee Brewers,c,0.16,Yes,A+,--,2022-2023,College,St Col of FL,FL,1b-c,6-4,215,L,R,2003-01-12,"St. Petersburg,FL"
26,,2022,9,283,June-Reg,Brett Gillis,Houston Astros,p,0.10,Yes,A,--,2019-2023,College,Portland,OR,p,6-2,215,R,R,1999-09-29,"Everett,WA"
27,,2022,9,284,June-Reg,Chris Villaman,Tampa Bay Rays,p,0.33,Yes,College,--,2020-2022,College,NC State,NC,p,6-2,217,L,L,2001-03-16,"Greensboro,NC"
28,,2022,9,285,June-Reg,Brandon Neeck,Los Angeles Dodgers,p,0.03,Yes,College,--,2020-2022,College,Virginia,VA,p,6-1,190,R,L,1999-10-19,"Mount Kisco,NY"
29,,2022,9,286,June-Reg,Jack Choate,San Francisco Giants,p,0.09,Yes,A,--,2022-2023,College,Assumption College,MA,p,6-6,249,L,L,2001-04-18,"Miami,FL"
30,30 record(s),,,,,,,,,,,,,,,,,,,,,,
0,,2022,10,287,June-Reg,Wyatt Cheney,Baltimore Orioles,p,0.15,Yes,A,--,2020-2023,College,McLennan CC,TX,p,6-0,185,R,R,2001-01-10,"Bertram,TX"
1,,2022,10,288,June-Reg,Brett Johnson,Arizona Diamondbacks,of,0.06,Yes,A+,--,2019-2023,College,SIU-Edwardsville,IL,lf-rf,5-11,195,L,R,2000-01-06,"Joliet,IL"
2,,2022,10,289,June-Reg,Josh Hatcher,Texas Rangers,of,0.00,Yes,A+,--,2018-2023,College,Kennesaw State,GA,of,6-2,200,L,L,1998-09-03,"Albany,GA"
3,,2022,10,290,June-Reg,Tanner Tredaway,Pittsburgh Pirates,of,0.05,Yes,A,--,2018-2023,College,Oklahoma,OK,lf-rf,6-1,175,R,R,1999-08-24,"Mcallen,TX"
4,,2022,10,291,June-Reg,Murphy Stehly,Washington Nationals,3b,0.01,Yes,A,--,2018-2023,College,Texas,TX,2b,5-10,205,R,R,1998-09-27,"Carlsbad,CA"
5,,2022,10,292,June-Reg,Cade Gibson,Miami Marlins,p,0.01,Yes,A+,--,2017-2023,College,Louisiana Tech,LA,p,6-2,195,L,L,1998-02-18,"Ruston,LA"
6,,2022,10,293,June-Reg,Brody McCullough,Chicago Cubs,p,0.13,Yes,A,--,2022-2023,College,Wingate,NC,p,6-4,205,R,R,2000-06-30,"Lexington,NC"
7,,2022,10,294,June-Reg,Dalton Shuffield,Minnesota Twins,ss,0.02,Yes,AAA,--,2018-2023,College,Texas State,TX,ss,5-9,170,R,R,1999-03-31,"San Antonio,TX"
8,,2022,10,295,June-Reg,Levi Usher,Kansas City Royals,of,0.07,Yes,A,--,2019-2023,College,Louisville,KY,rf-cf,6-0,210,L,R,2000-06-25,"Cedar Rapids,IA"
9,,2022,10,296,June-Reg,Zach Agnos,Colorado Rockies,3b,0.17,Yes,A,--,2020-2023,College,East Carolina,NC,p,6-0,210,R,R,2000-08-15,"Reston,VA"
10,,2022,10,297,June-Reg,Trevin Michael,Detroit Tigers,p,0.05,Yes,A+,--,2019-2023,College,Oklahoma,OK,p,6-2,200,R,R,1997-09-15,"Oklahoma City,OK"
11,,2022,10,298,June-Reg,Matt Coutney,Los Angeles Angels,1b,0.01,Yes,A,--,2018-2023,College,Old Dominion,VA,1b,6-1,230,L,R,1999-07-08,"Wetaskiwin,AB"
12,,2022,10,299,June-Reg,Zebulon Vermillion,New York Mets,rhp,0.02,Yes,Rk,--,2018-2022,College,Arkansas,AR,p,6-5,240,L,R,1998-10-26,"Prairie Village,KS"
13,,2022,10,300,June-Reg,Jackson Smeltz,San Diego Padres,p,0.03,Yes,College,--,2020-2022,College,Purdue,IN,p,6-3,210,L,L,1998-09-14,"Lafayette,IN"
14,,2022,10,301,June-Reg,Jacob Zibin,Cleveland Guardians,p,1.20,Yes,--,--,--,HS,"TNXL Academy (Longwood,Fl)",FL,p,6-4,218,L,R,2005-01-30,"Richmond Hill,ON"
15,,2022,10,302,June-Reg,Gustavo Sosa,Philadelphia Phillies,c,0.07,Yes,Rk,--,2021-2022,College,South Mountain CC,AZ,c,6-2,203,R,R,2001-07-17,"Brooklyn,NY"
16,,2022,10,303,June-Reg,Brody Jessee,Cincinnati Reds,p,0.13,Yes,A,--,2021-2023,College,Gonzaga,WA,p,6-4,217,R,R,2000-12-01,"Anchorage,AK"
17,,2022,10,304,June-Reg,Brock Rodden,Oakland Athletics,2b,0.00,No,College,--,2020-2023,College,Wichita State,KS,2b,5-9,170,B,R,2000-05-25,"Durant,OK"
18,,2022,10,305,June-Reg,Andrew Keck,Atlanta Braves,c,0.00,Yes,A,--,2019-2023,College,SE Missouri State,MO,c,6-3,225,R,R,1999-12-12,"St. Louis,MO"
19,,2022,10,306,June-Reg,Bill Knight,Seattle Mariners,of,0.05,Yes,A,--,2019-2023,College,Mercer,GA,lf-cf,6-1,195,R,R,1999-08-24,"Augusta,GA"
20,,2022,10,307,June-Reg,Tanner Jacobson,St. Louis Cardinals,p,0.03,Yes,A,--,2022-2023,College,Queens of NC,NC,p,6-1,190,R,R,2000-01-24,"Pittsburgh,PA"
21,,2022,10,308,June-Reg,Ian Churchill,Toronto Blue Jays,p,0.01,Yes,A,--,2018-2023,College,San Diego,CA,p,6-2,190,L,L,1999-02-28,"Santa Barbara,CA"
22,,2022,10,309,June-Reg,Isaac Coffey,Boston Red Sox,p,0.01,Yes,A+,--,2019-2023,College,Oral Roberts,OK,p,6-1,205,R,R,2000-06-21,"Goleta,CA"
23,,2022,10,310,June-Reg,Will Brian,New York Yankees,p,0.06,Yes,A,--,2018-2023,College,Eastern Kentucky,KY,p,5-11,220,L,L,1999-04-25,"Louisville,KY"
24,,2022,10,311,June-Reg,Tim Elko,Chicago White Sox,1b,0.04,Yes,A,--,2018-2023,College,Mississippi,MS,1b,6-4,240,R,R,1998-12-27,"Wichita,KS"
25,,2022,10,312,June-Reg,Brian Fitzpatrick,Milwaukee Brewers,p,0.10,Yes,Rk,--,2019-2022,College,Rutgers,NJ,p,6-7,230,B,L,2000-06-01,"Smithtown,NY"
26,,2022,10,313,June-Reg,Zach Cole,Houston Astros,of,0.10,Yes,A,--,2020-2023,College,Ball State,IN,rf-cf,6-2,190,L,R,2000-08-04,"Ozark,MO"
27,,2022,10,314,June-Reg,Cade Halemanu,Tampa Bay Rays,p,0.12,Yes,A,--,2019-2023,College,Hawaii,HI,p,6-4,215,R,R,2000-08-09,"Lihue,HI"
28,,2022,10,315,June-Reg,Simon Reid,Los Angeles Dodgers,c,0.00,Yes,Rk,--,2020-2022,College,Westmont College,CA,c,6-1,200,L,R,2001-04-19,"Palo Alto,CA"
29,,2022,10,316,June-Reg,John Bertrand,San Francisco Giants,p,0.05,Yes,A+,--,2018-2023,College,Notre Dame,IN,p,6-3,205,L,L,1998-02-08,"Raleigh,NC"
30,30 record(s),,,,,,,,,,,,,,,,,,,,,,
