Player Name,School,Source,High Level,Year
Royce Lewis,"JSerra Catholic (San Juan Capistrano,CA)",HS,MLB,2017
Hunter Greene,"Notre Dame (Sherman Oaks,CA)",HS,MLB,2017
MacKenzie Gore,"Whiteville (Whiteville,NC)",HS,MLB,2017
Brendan McKay,University of Louisville,College,MLB,2017
Kyle Wright,Vanderbilt University,College,MLB,2017
Austin Beck,"North Davidson (Lexington,NC)",HS,AAA,2017
Pavin Smith,University of Virginia,College,MLB,2017
Adam Haseley,University of Virginia,College,MLB,2017
Keston Hiura,"University of California, Irvine",College,MLB,2017
Jo Adell,"Ballard (Louisville,KY)",HS,MLB,2017
Jake Burger,Missouri State University,College,MLB,2017
Shane Baz,"Concordia Lutheran (Spring,TX)",HS,MLB,2017
Trevor Rogers,"Carlsbad (Carlsbad,NM)",HS,MLB,2017
Nick Pratto,"Huntington Beach (Huntington Beach,CA)",HS,MLB,2017
J.B. Bukauskas,University of North Carolina,College,MLB,2017
Clarke Schmidt,University of South Carolina,College,MLB,2017
Evan White,University of Kentucky,College,MLB,2017
Alex Faedo,University of Florida,College,MLB,2017
Heliot Ramos,"Leadership Christian Academy (Guaynabo,PR)",HS,MLB,2017
David Peterson,University of Oregon,College,MLB,2017
DL Hall,"Valdosta (Valdosta,GA)",HS,MLB,2017
Logan Warmoth,University of North Carolina,College,AAA,2017
Jeren Kendall,Vanderbilt University,College,AA,2017
Tanner Houck,University of Missouri,College,MLB,2017
Seth Romero,University of Houston,College,MLB,2017
Bubba Thompson,"McGill-Toolen (Mobile,AL)",HS,MLB,2017
Brendon Little,State College of Florida Manatee-Sarasota,College,MLB,2017
Nate Pearson,University of Central Florida,College,MLB,2017
Chris Seise,"West Orange (Winter Garden,FL)",HS,AA,2017
Alex Lange,Louisiana State University,College,MLB,2017
Drew Rasmussen,Oregon State University,College,MLB,2017
Jeter Downs,"Monsignor Edward Pace (Miami,FL)",HS,MLB,2017
Kevin Merrell,University of South Florida,College,AAA,2017
Tristen Lutz,"James Martin (Arlington,TX)",HS,AA,2017
Brent Rooker,Mississippi State University,College,MLB,2017
Brian Miller,University of North Carolina,College,MLB,2017
Landon Leach,"Pickering (Ajax,ON)",HS,A+,2017
Stuart Fairchild,Wake Forest University,College,MLB,2017
Luis Campusano,"Cross Creek (Augusta,GA)",HS,MLB,2017
Michael Mercado,"Westview (San Diego,CA)",HS,AA,2017
Drew Waters,"Etowah (Woodstock,GA)",HS,MLB,2017
Steven Jennings,"DeKalb County (Smithville,TN)",HS,AA,2017
Greg Deichmann,Louisiana State University,College,MLB,2017
Drew Ellis,University of Louisville,College,MLB,2017
Spencer Howard,Cal Poly,College,MLB,2017
Caden Lemons,"Vestavia Hills (Birmingham,AL)",HS,A,2017
Griffin Canning,"University of California, Los Angeles (UCLA)",College,MLB,2017
Ryan Vilade,"Stillwater (Stillwater,OK)",HS,MLB,2017
Gavin Sheets,Wake Forest University,College,MLB,2017
Cal Mitchell,"Rancho Bernardo (San Diego,CA)",HS,MLB,2017
Joe Dunand,North Carolina State University,College,MLB,2017
MJ Melendez,"Westminster Christian (Miami,FL)",HS,MLB,2017
Joe Perez,"Archbishop McCarthy (Fort Lauderdale,FL)",HS,MLB,2017
Matt Sauer,"Ernest Righetti (Santa Maria,CA)",HS,AA,2017
Sam Carlson,"Burnsville (Burnsville,MN)",HS,A+,2017
Corbin Martin,Texas A&M University,College,MLB,2017
Reynaldo Rivera,Chipola College,College,A+,2017
Jacob Gonzalez,"Chaparral (Scottsdale,AZ)",HS,AA,2017
Mark Vientos,"American Heritage (Plantation,FL)",HS,MLB,2017
Adam Hall,"A.B. Lucas (London,ON)",HS,AAA,2017
Hagen Danner,"Huntington Beach (Huntington Beach,CA)",HS,AAA,2017
Morgan Cooper,University of Texas,College,A+,2017
Cole Brannen,"Westfield School (Perry,GA)",HS,A+,2017
Quentin Holmes,"McClancy Memorial (Flushing,NY)",HS,AA,2017
Wil Crowe,University of South Carolina,College,MLB,2017
Hans Crouse,"Dana Hills (Dana Point,CA)",HS,MLB,2017
Cory Abbott,Loyola Marymount University,College,MLB,2017
Daulton Varsho,University of Wisconsin-Milwaukee,College,MLB,2017
Blake Hunt,"Mater Dei (Santa Ana,CA)",HS,AA,2017
Tommy Doyle,University of Virginia,College,MLB,2017
Tyler Freeman,"Etiwanda (Etiwanda,CA)",HS,MLB,2017
Conner Uselton,"Southmoore (Moore,OK)",HS,Rk,2017
Evan Steele,Chipola College,College,A,2017
Zac Lowther,Xavier University,College,MLB,2017
J.J. Matijevic,University of Arizona,College,MLB,2017
Blayne Enlow,"St. Amant (St. Amant,LA)",HS,AA,2017
Jacob Heatherly,"Cullman (Cullman,AL)",HS,A,2017
Mason House,"Whitehouse (Whitehouse,TX)",HS,A-,2017
Taylor Walls,Florida State University,College,MLB,2017
Freddy Tarnok,"Riverview (Riverview,FL)",HS,MLB,2017
Nick Allen,"Francis Parker (San Diego,CA)",HS,MLB,2017
Matt Tabor,"Milton Academy (Hingham,MA)",HS,AAA,2017
Connor Seabold,Cal State Fullerton,College,MLB,2017
K.J. Harrison,Oregon State University,College,AA,2017
Jacob Pearson,"West Monroe (West Monroe,LA)",HS,AAA,2017
Will Gaddis,Furman University,College,AAA,2017
Luis Gonzalez,University of New Mexico,College,MLB,2017
Dylan Busby,Florida State University,College,AAA,2017
Riley Mahan,University of Kentucky,College,AA,2017
Daniel Tillo,Iowa Western Community College,College,AAA,2017
Tyler Ivey,Grayson County College,College,MLB,2017
Trevor Stephan,University of Arkansas,College,MLB,2017
Wyatt Mills,Gonzaga University,College,MLB,2017
Scott Hurst,Cal State Fullerton,College,MLB,2017
Joey Morgan,University of Washington,College,AAA,2017
Seth Corry,"Lone Peak (Alpine,UT)",HS,A+,2017
Quinn Brodey,Stanford University,College,AAA,2017
Mike Baumann,Jacksonville University,College,MLB,2017
Riley Adams,University of San Diego,College,MLB,2017
Connor Wong,University of Houston,College,MLB,2017
Brett Netzer,University of North Carolina-Charlotte,College,AA,2017
Johnathan Rodriguez,"Carlos Beltran Baseball Academy (Florida,PR)",HS,AA,2017
Nick Raquet,College of William and Mary,College,A+,2017
Matt Whatley,Oral Roberts University,College,AAA,2017
Keegan Thompson,Auburn University,College,MLB,2017
Charlie Barnes,Clemson University,College,MLB,2017
Cash Case,"The First Academy (orlando,FL)",HS,Rk,2017
Sam Keating,"Canterbury School (Fort Myers,FL)",HS,A+,2017
Drew Strotman,St. Mary's College of California,College,AAA,2017
Troy Bacon,Santa Fe Community College,College,AA,2017
Will Toffey,Vanderbilt University,College,AAA,2017
Harrison Francis,"Lawton Chiles (Tallahassee,FL)",HS,A,2017
Jake Scheiner,University of Houston,College,AAA,2017
Brendan Murphy,"Mundelein (Mundelein,IL)",HS,A,2017
John Swanda,"Roosevelt (Des Moines,IA)",HS,AAA,2017
Pearson McMahan,St. Johns River State College,College,AAA,2017
Lincoln Henzman,University of Louisville,College,AAA,2017
Jason Delay,Vanderbilt University,College,MLB,2017
Colton Hock,Stanford University,College,AAA,2017
Michael Gigliotti,Lipscomb University,College,AAA,2017
Peter Solomon,University of Notre Dame,College,MLB,2017
Canaan Smith-Njigba,"Rockwall-Heath (Rockwall,TX)",HS,MLB,2017
Seth Elledge,Dallas Baptist University,College,MLB,2017
Kramer Robertson,Louisiana State University,College,MLB,2017
Gio Arriera,Palm Beach State College,College,A+,2017
Garrett Cave,University of Tampa,College,A+,2017
Tony Dibrell,Kennesaw State University,College,AAA,2017
Jack Conlon,"Clements School (Sugar Land,TX)",HS,College,2017
Kevin Smith,University of Maryland,College,MLB,2017
James Marinan,"Park Vista Community (Lake Worth,FL)",HS,A+,2017
Jake Thompson,Oregon State University,College,AAA,2017
Ernie Clement,University of Virginia,College,MLB,2017
Cole Freeman,Louisiana State University,College,AAA,2017
Ryan Dease,"TNXL Academy (Longwood,Fl)",HS,A,2017
Erich Uelmen,Cal Poly,College,MLB,2017
Andrew Bechtold,Chipola College,College,AAA,2017
Mac Sceroler,Southeastern Louisiana University,College,MLB,2017
Jonny Homza,"South Anchorage (Anchorage,AK)",HS,A+,2017
Josh Fleming,Webster University,College,MLB,2017
Bruce Zimmermann,Mount Olive College,College,MLB,2017
Santis Sanchez,"Colegio Hector Urdaneta (Ceiba,PR)",HS,A,2017
Buddy Kennedy,"Millville (Millville,NJ)",HS,MLB,2017
Ethan Lindow,"Locust Grove (Locust Grove,OK)",HS,AA,2017
Nick Egnatuk,"Immaculata (Somerville,NJ)",HS,Rk,2017
Joseph Booker,"T.R. Miller (Brewton,AL)",HS,--,2017
Nick Kennedy,University of Texas,College,AAA,2017
Tyler Johnson,University of South Carolina,College,AAA,2017
Deon Stafford,Saint Joseph's University,College,AA,2017
Ryan Lillie,University of California-Riverside,College,AAA,2017
Charlie Neuweiler,"McClancy Memorial (Flushing,NY)",HS,AAA,2017
Nathan Perry,"Bassett (Bassett,VA)",HS,A,2017
Glenn Otto,Rice University,College,MLB,2017
David Banuelos,Long Beach State University,College,AAA,2017
Zach Kirtley,St. Mary's College of California,College,AAA,2017
Sam McMillan,"Suwannee (Live Oak,FL)",HS,A,2017
Jason Bahr,University of Central Florida,College,AAA,2017
Matt Winaker,Stanford University,College,AAA,2017
Lamar Sparks,"Seven Lakes (Katy,TX)",HS,AA,2017
Cullen Large,College of William and Mary,College,AAA,2017
Riley Ottesen,University of Utah,College,A,2017
Alex Scherff,"Heritage (Colleyville,TX)",HS,AA,2017
Austen Wade,Texas Christian University,College,AA,2017
Brigham Hill,Texas A&M University,College,A,2017
Jake Latz,Kent State University,College,MLB,2017
Nelson Velazquez,"PJ Education School (Carolina,PR)",HS,MLB,2017
Ricky De La Torre,"Puerto Rico Baseball Academy (Gurabo,PR)",HS,A,2017
Tyler Buffett,Oklahoma State University,College,A,2017
Aaron Leasher,Morehead State University,College,AAA,2017
Zach Rutherford,Old Dominion University,College,A+,2017
Jordan Rodgers,University of Tennessee,College,A+,2017
Logan Salow,University of Kentucky,College,AAA,2017
Brian Shaffer,University of Maryland,College,AA,2017
Dalton Guthrie,University of Florida,College,MLB,2017
Devin Hairston,University of Louisville,College,AAA,2017
Jonah Todd,Auburn University,College,A+,2017
Chad Spanberger,University of Arkansas,College,AAA,2017
Kade McClure,University of Louisville,College,AAA,2017
Cody Bolton,"Tracy (Tracy,CA)",HS,MLB,2017
Taylor Braley,University of Southern Mississippi,College,A+,2017
Tyler Zuber,Arkansas State University,College,MLB,2017
Jake Adams,University of Iowa,College,AA,2017
Dalton Lehnen,Augustana College SD,College,A+,2017
Oliver Jaskie,University of Michigan,College,AA,2017
Zach Jackson,"Winter Haven (Winter Haven,FL)",HS,A+,2017
Dane Myers,Rice University,College,AAA,2017
Bryce Johnson,Sam Houston State University,College,MLB,2017
Marcel Renteria,New Mexico State University,College,AAA,2017
Mason McCoy,University of Iowa,College,AAA,2017
Brock Lundquist,Long Beach State University,College,AA,2017
Wills Montgomerie,University of Connecticut,College,A+,2017
Zach Schellenger,Seton Hall University,College,AA,2017
Mike Rivera,University of Florida,College,AAA,2017
Kyle Johnston,University of Texas,College,AAA,2017
Noah Bremer,University of Washington,College,AA,2017
Jeremiah Estrada,"Palm Desert (Palm Desert,CA)",HS,MLB,2017
Ryley Widell,Central Arizona College,College,A+,2017
Mark Kolozsvary,University of Florida,College,MLB,2017
Nick Margevicius,Rider University,College,MLB,2017
Hunter Schryver,Villanova University,College,AAA,2017
Landon Hughes,Georgia Southern University,College,A,2017
Parker Dunshee,Wake Forest University,College,AAA,2017
Jose Caballero,Chipola College,College,MLB,2017
Nick Maton,Lincoln Land Community College,College,MLB,2017
Bowden Francis,Chipola College,College,MLB,2017
Denny Brady,Mercer County Community College,College,AA,2017
Lucas Gilbreath,University of Minnesota,College,MLB,2017
Evan Skoug,Texas Christian University,College,AAA,2017
Jared Oliva,University of Arizona,College,MLB,2017
Sean Guenther,University of Notre Dame,College,MLB,2017
Brewer Hicklen,University of Alabama-Birmingham,College,MLB,2017
Parker Mushinski,Texas Tech University,College,MLB,2017
Dalton Higgins,Dallas Baptist University,College,A,2017
Max Roberts,Wabash Valley College,College,AAA,2017
Chase Pinder,Clemson University,College,AAA,2017
Brad Bass,University of Notre Dame,College,AAA,2017
Logan Harasta,University at Buffalo,College,A-,2017
Conner O'Neil,Cal State Northridge,College,A+,2017
Ben Breazeale,Wake Forest University,College,A+,2017
Colton Laws,University of North Carolina-Charlotte,College,A+,2017
Zach Pop,University of Kentucky,College,MLB,2017
Tyler Esplin,"IMG Academy (Bradenton,FL)",HS,AA,2017
Kirk McCarty,University of Southern Mississippi,College,MLB,2017
Jackson Tetreault,State College of Florida Manatee-Sarasota,College,MLB,2017
Joel Urena,Monroe Community College,College,Rk,2017
Tyler Thomas,Fresno State University,College,AAA,2017
Bryan Sammons,Western Carolina University,College,AAA,2017
Connor Ryan,University of Illinois-Chicago,College,A,2017
Olivier Basabe,Faulkner University,College,AA,2017
Riley O'Brien,College of Idaho,College,MLB,2017
John Curtis,Lenoir–Rhyne University,College,A,2017
Brian Howard,Texas Christian University,College,AAA,2017
Tim Susnara,University of Oregon,College,AA,2017
Jayson Rose,University of Utah,College,Rk,2017
Connor Riley,The University of South Carolina Aiken,College,A+,2017
Bret Boswell,University of Texas,College,AAA,2017
Sam Abbott,"Curtis (University Place,WA)",HS,A,2017
Blake Weiman,University of Kansas,College,AAA,2017
Jared Barnes,University of South Alabama,College,A,2017
Holden Capps,Central Oklahoma College,College,AA,2017
Corey Julks,University of Houston,College,MLB,2017
Kyle Zurak,Radford University,College,AA,2017
Billy Cooke,Coastal Carolina University,College,AAA,2017
Wilberto Rivera,"Carlos Beltran Baseball Academy (Florida,PR)",HS,Rk,2017
Max Green,Pepperdine University,College,AA,2017
John Gavin,Cal State Fullerton,College,AA,2017
Trey Cobb,Oklahoma State University,College,AAA,2017
Jimmy Murphy,Fordham University,College,A-,2017
Kacy Clemens,University of Texas,College,AA,2017
Rylan Bannon,Xavier University,College,MLB,2017
Zach Sterry,Oakland University,College,A,2017
Eli Morgan,Gonzaga University,College,MLB,2017
Jared Brasher,Samford University,College,A,2017
Tyreque Reed,Itawamba Community College,College,AA,2017
Austin Filiere,The Massachusetts Institute of Technology,College,A,2017
Mark Contreras,University of California-Riverside,College,MLB,2017
Packy Naughton,Virginia Tech,College,MLB,2017
Alex Cunningham,Coastal Carolina University,College,A+,2017
Andrew Gist,University of Georgia,College,A,2017
Riley Delgado,Middle Tennessee State University,College,AA,2017
Jared Poche',Louisiana State University,College,A+,2017
Camden Duzenack,Dallas Baptist University,College,AAA,2017
Jack Zoellner,University of New Mexico,College,A-,2017
Dallas Carroll,University of Utah,College,A+,2017
Brett Hanewich,Stanford University,College,AA,2017
Sean Bouchard,"University of California, Los Angeles (UCLA)",College,MLB,2017
Craig Dedelow,Indiana University,College,AAA,2017
Bligh Madris,Colorado Mesa University,College,MLB,2017
Cameron Baranek,Hope International University,College,A+,2017
J.C. Cloney,University of Arizona,College,AA,2017
Michael Papierski,Louisiana State University,College,MLB,2017
Austin Gardner,University of Texas at Arlington,College,A-,2017
Jorge Benitez,"Leadership Christian Academy (Guaynabo,PR)",HS,AA,2017
Evan Kruczynski,East Carolina University,College,AAA,2017
Luke Burch,Kent State University,College,AA,2017
Aaron Phillips,St. Bonaventure University,College,AAA,2017
Cannon Chadwick,University of Arkansas,College,A,2017
TJ Nichting,University of North Carolina-Charlotte,College,AA,2017
Zach Logue,University of Kentucky,College,MLB,2017
Connor Strain,"Evansville, Indiana",College,A+,2017
Tanner Nishioka,Pomona-Pitzer Colleges,College,AA,2017
James Karinchak,Bryant University,College,MLB,2017
Alex Troop,Michigan State University,College,AAA,2017
Tanner Gardner,Texas Tech University,College,A,2017
Chris Carrier,University of Memphis,College,A,2017
Calvin Faucher,"University of California, Irvine",College,MLB,2017
Robby Howell,University of Central Florida,College,College,2017
Dominic Taccolini,University of Arkansas,College,Rk,2017
Phoenix Sanders,University of South Florida,College,MLB,2017
Jacob Belinda,Lock Haven University of Pennsylvania,College,A,2017
Ryan Grotjohn,Cal State Bakersfield,College,AA,2017
Connor Brogdon,Lewis–Clark State College,College,MLB,2017
Alec Bettinger,University of Virginia,College,MLB,2017
Daniel Procopio,Niagara University,College,AA,2017
Austin Bernard,Pepperdine University,College,A+,2017
J.B. Olson,University of Oklahoma,College,AAA,2017
Beau Sulser,Dartmouth College,College,MLB,2017
Denis Karas,University of California,College,A,2017
Jordan Floyd,Kansas State University,College,Rk,2017
Kyle Serrano,University of Tennessee,College,AA,2017
Chad Whitmer,Southern Illinois University,College,A+,2017
Randy Bell,University of South Alabama,College,A+,2017
Brett Seeburger,San Diego State University,College,A-,2017
Garrett McCain,Oklahoma State University,College,A,2017
Rob Calabrese,University of Illinois-Chicago,College,A,2017
Stephen Villines,University of Kansas,College,AAA,2017
Josh Keaton,Adams State University,College,A-,2017
Justin Dillon,Sacramento State,College,AAA,2017
Zach Reks,University of Kentucky,College,MLB,2017
Jordan Wren,Georgia Southern University,College,A+,2017
Jesse Berardi,St. John's University,College,A,2017
Trey Turner,Missouri State University,College,A,2017
John King,University of Houston,College,MLB,2017
Brian Glowicki,University of Minnesota,College,AA,2017
Casey Mize,Auburn University,College,MLB,2018
Joey Bart,Georgia Tech,College,MLB,2018
Alec Bohm,Wichita State University,College,MLB,2018
Nick Madrigal,Oregon State University,College,MLB,2018
Jonathan India,University of Florida,College,MLB,2018
Jarred Kelenic,"Waukesha West (Waukesha,WI)",HS,MLB,2018
Ryan Weathers,"Loretto (Loretto,TN)",HS,MLB,2018
Carter Stewart,"Eau Gallie (Melbourne,FL)",HS,Intl,2018
Kyler Murray,University of Oklahoma,College,College,2018
Travis Swaggerty,University of South Alabama,College,MLB,2018
Grayson Rodriguez,"Central Heights (Nacogdoches,TX)",HS,MLB,2018
Jordan Groshans,"Magnolia (Magnolia,TX)",HS,MLB,2018
Connor Scott,"Henry B. Plant (Tampa,FL)",HS,AA,2018
Logan Gilbert,Stetson University,College,MLB,2018
Cole Winn,"Orange Lutheran (Orange,CA)",HS,AAA,2018
Matthew Liberatore,"Mountain Ridge (Glendale,AZ)",HS,MLB,2018
Jordyn Adams,"Green Hope (Cary,NC)",HS,AAA,2018
Brady Singer,University of Florida,College,MLB,2018
Nolan Gorman,"Sandra Day O'Connor (Glendale,AZ)",HS,MLB,2018
Trevor Larnach,Oregon State University,College,MLB,2018
Brice Turang,"Santiago (Corona,CA)",HS,MLB,2018
Ryan Rolison,University of Mississippi,College,AAA,2018
Anthony Seigler,"Cartersville (Cartersville,GA)",HS,AA,2018
Nico Hoerner,Stanford University,College,MLB,2018
Matt McLain,"Arnold O. Beckman (Irvine,CA)",HS,MLB,2018
Triston Casas,"American Heritage (Plantation,FL)",HS,MLB,2018
Mason Denaburg,"Merritt Island (Merritt Island,FL)",HS,A,2018
Seth Beer,Clemson University,College,MLB,2018
Bo Naylor,"St. Joan of Arc (Mississauga,ON)",HS,MLB,2018
J.T. Ginn,"Brandon (Brandon,MS)",HS,AA,2018
Shane McClanahan,University of South Florida,College,MLB,2018
Nick Schnell,"Roncalli (Indianapolis,IN)",HS,A+,2018
Jackson Kowar,University of Florida,College,MLB,2018
Daniel Lynch,University of Virginia,College,MLB,2018
Ethan Hankins,"Forsyth Central (Cumming,GA)",HS,A+,2018
Gunnar Hoglund,"Fivay (Hudson,FL)",HS,A,2018
Cadyn Grenier,Oregon State University,College,AAA,2018
Xavier Edwards,"North Broward Prep (Coconut Creek,FL)",HS,MLB,2018
Jake McCarthy,University of Virginia,College,MLB,2018
Kris Bubic,Stanford University,College,MLB,2018
Lenny Torres,"The Beacon School (Beacon,NY)",HS,A+,2018
Grant Lavigne,"Bedford (Bedford,NH)",HS,AA,2018
Griffin Roberts,Wake Forest University,College,AA,2018
Parker Meadows,"Grayson (Loganville,GA)",HS,AAA,2018
Sean Hjelle,University of Kentucky,College,MLB,2018
Steele Walker,University of Oklahoma,College,MLB,2018
Lyon Richardson,"Jensen Beach (Jensen Beach,FL)",HS,AA,2018
Simeon Woods Richardson,"Kempner (Sugar Land,TX)",HS,MLB,2018
Greyson Jenista,Wichita State University,College,AAA,2018
Jameson Hannah,Dallas Baptist University,College,AAA,2018
Braxton Ashcraft,"Robinson (Robinson,TX)",HS,A+,2018
Griffin Conine,Duke University,College,AA,2018
Osiris Johnson,"Encinal (Alameda,CA)",HS,A+,2018
Josh Stowers,University of Louisville,College,AA,2018
Owen White,"Jesse C Carson (China Grove,NC)",HS,AA,2018
Tyler Frank,Florida Atlantic University,College,AA,2018
Jeremiah Jackson,"St. Luke's Episcopal (Mobile,AL)",HS,AA,2018
Jonathan Bowlan,University of Memphis,College,AA,2018
Ryan Jeffers,The University of North Carolina Wilmington,College,MLB,2018
Joe Gray,"Hattiesburg (Hattiesburg,MS)",HS,AA,2018
Josh Breaux,McLennan Community College,College,AAA,2018
Brennen Davis,"Basha (Chandler,AZ)",HS,AAA,2018
Alek Thomas,"Mount Carmel (Chicago,IL)",HS,MLB,2018
Nick Decker,"Seneca (Tabernacle,NJ)",HS,A+,2018
Tim Cate,University of Connecticut,College,AA,2018
Jayson Schroeder,"Juanita (Kirkland,WA)",HS,A,2018
Nick Sandlin,University of Southern Mississippi,College,MLB,2018
Michael Grove,West Virginia University,College,MLB,2018
Will Banfield,"Brookwood (Snellville,GA)",HS,AA,2018
Jeremy Eierman,Missouri State University,College,AA,2018
Tanner Dodson,University of California,College,AA,2018
Josiah Gray,Le Moyne College,College,MLB,2018
Micah Bello,"Hilo (Hilo,HI)",HS,A+,2018
Grant Little,Texas Tech University,College,A+,2018
Luken Baker,Texas Christian University,College,AAA,2018
Mitchell Kilkenny,Texas A&M University,College,AA,2018
Cole Roederer,"Hart (Newhall,CA)",HS,AA,2018
Paul Richan,University of San Diego,College,AA,2018
Kody Clemens,University of Texas,College,MLB,2018
Jake Wong,Grand Canyon University,College,AAA,2018
Konnor Pilkington,Mississippi State University,College,MLB,2018
Bren Spillane,University of Illinois,College,A+,2018
Carlos Cortes,University of South Carolina,College,AAA,2018
Owen Miller,Illinois State University,College,MLB,2018
Hogan Harris,University of Louisiana at Lafayette,College,MLB,2018
Connor Kaiser,Vanderbilt University,College,AAA,2018
Blaine Knight,University of Arkansas,College,AAA,2018
Adam Kloffenstein,"Magnolia (Magnolia,TX)",HS,AA,2018
Tristan Pompey,University of Kentucky,College,AAA,2018
Cal Raleigh,Florida State University,College,MLB,2018
Jonathan Ornelas,"Raymond S. Kellis (Glendale,AZ)",HS,AAA,2018
Ford Proctor,Rice University,College,MLB,2018
Aaron Hernandez,Texas A&M University–Corpus Christi,College,AAA,2018
Kyle Isbel,"The University of Nevada, Las Vegas",College,MLB,2018
Mateo Gil,"Timber Creek (Fort Worth,TX)",HS,AA,2018
Terrin Vavra,University of Minnesota,College,MLB,2018
Ryder Green,"Karns (Knoxville,TN)",HS,A,2018
Jimmy Herron,Duke University,College,AAA,2018
Jackson Goddard,University of Kansas,College,AA,2018
Durbin Feltman,Texas Christian University,College,AAA,2018
Reid Schaller,Vanderbilt University,College,AA,2018
Jeremy Pena,University of Maine,College,MLB,2018
Richie Palacios,Towson University,College,MLB,2018
John Rooney,Hofstra University,College,AA,2018
Kingston Liniak,"Mission Hills (San Marcos,CA)",HS,A,2018
Blake Rivera,Wallace State Community College,College,AA,2018
Colton Eastman,Cal State Fullerton,College,AAA,2018
Lency Delgado,"Doral Academy (Doral,FL)",HS,A,2018
Michael Siani,"William Penn Charter (Philadelphia,PA)",HS,MLB,2018
Adam Hill,University of South Carolina,College,AA,2018
Dylan Coleman,Missouri State University,College,MLB,2018
Tristan Beck,Stanford University,College,MLB,2018
Alfonso Rivas,University of Arizona,College,MLB,2018
Aaron Shortridge,University of California,College,AA,2018
Drew Rom,"Highlands (Fort Thomas,KY)",HS,AAA,2018
Sean Wymer,Texas Christian University,College,AA,2018
Nick Fortes,University of Mississippi,College,MLB,2018
Michael Plassmeyer,University of Missouri,College,MLB,2018
Mason Englert,"Forney (Forney,TX)",HS,MLB,2018
Grant Witherspoon,Tulane University,College,AAA,2018
Kyle Bradish,New Mexico State University,College,MLB,2018
Eric Cole,University of Arkansas,College,A+,2018
Steven Gingery,Texas Tech University,College,Rk,2018
DaShawn Keirsey,University of Utah,College,AA,2018
Aaron Ashby,Crowder College,College,MLB,2018
Ryan Feltner,Ohio State University,College,MLB,2018
Franklin German,University of North Florida ,College,MLB,2018
Ethan Roberts,Tennessee Tech University,College,MLB,2018
Ryan Weiss,Wright State University,College,AAA,2018
Kole Cottam,University of Kentucky,College,AAA,2018
Jake Irvin,University of Oklahoma,College,MLB,2018
Alex McKenna,Cal Poly,College,AAA,2018
Adam Scott,Wofford College,College,AAA,2018
Braydon Fisher,"Clear Falls (League City,TX)",HS,AA,2018
Adam Wolf,University of Louisville,College,AA,2018
Keaton Winn,Iowa Western Community College,College,AAA,2018
Matt Vierling,University of Notre Dame,College,MLB,2018
Jonathan Stiever,Indiana University,College,MLB,2018
Ryan Campbell,University of Illinois-Chicago,College,A,2018
Ryley Gilliam,Clemson University,College,AAA,2018
Dwanya Williams-Sutton,East Carolina University,College,AA,2018
Trey Riley,John A. Logan College,College,AA,2018
Brady Feigl,University of Mississippi,College,AAA,2018
Grant Koch,University of Arkansas,College,AAA,2018
Robert Neustrom,University of Iowa,College,AAA,2018
Chris Bec,University of Maine,College,AAA,2018
Chris Vallimont,Mercyhurst University,College,AAA,2018
Nolan Hoffman,Texas A&M University,College,AA,2018
Jayce Easley,"Sandra Day O'Connor (Glendale,AZ)",HS,A+,2018
Taj Bradley,"Redan (Stone Mountain,GA)",HS,MLB,2018
William Holmes,"Western International (Detroit,MI)",HS,Rk,2018
Austin Cox,Mercer University,College,MLB,2018
Nick Dunn,University of Maryland,College,AA,2018
Cole Sands,Florida State University,College,MLB,2018
Justin Jarvis,"Lake Norman (Lake Norman,NC)",HS,AA,2018
Jake Bird,"University of California, Los Angeles (UCLA)",College,MLB,2018
Brandon Lockridge,Troy University,College,AA,2018
Andy Weber,University of Virginia,College,AA,2018
Matt Mercer,University of Oregon,College,A+,2018
Thaddeus Ward,University of Central Florida,College,MLB,2018
Gage Canning,Arizona State University,College,AA,2018
Cody Deason,University of Arizona,College,AA,2018
Steven Kwan,Oregon State University,College,MLB,2018
Devin Mann,University of Louisville,College,AAA,2018
Hugh Smith,Whitworth University,College,A,2018
P.J. Hilson,"Nettleton (Jonesboro,AR)",HS,A,2018
Kendall Simmons,"Tattnall Square Academy (Macon,GA)",HS,A+,2018
Codi Heuer,Wichita State University,College,MLB,2018
Yomil Maysonet,"PJ Education School (Carolina,PR)",HS,A,2018
Nick Meyer,Cal Poly,College,AAA,2018
Alexuan Vega,"Leonides Morales Rodriguez (Lajas,PR)",HS,A+,2018
Andrew Moritz,University of North Carolina Greensboro,College,AA,2018
Lawrence Butler,"Westlake (Atlanta,GA)",HS,AA,2018
Michael Flynn,University of Arizona,College,A+,2018
Yeancarlos Lleras,"Leadership Christian Academy (Guaynabo,PR)",HS,A,2018
Addison Barger,"King (Tampa,FL)",HS,AAA,2018
Cameron Barstad,"Junipero Serra (San Mateo,CA)",HS,A+,2018
Joey O'Brien,Southern Nevada University,College,Rk,2018
Sean Chandler,Iowa Western Community College,College,AA,2018
Miller Hogan,Saint Louis University,College,AAA,2018
Austin Warren,The University of North Carolina Wilmington,College,MLB,2018
Zach Haake,University of Kentucky,College,AAA,2018
Edgar Gonzalez,Fresno State University,College,AAA,2018
Charles Mack,"Williamsville East (Williamsville,NY)",HS,A+,2018
Drew Rasmussen,Oregon State University,College,MLB,2018
Niko Decolati,Loyola Marymount University,College,AA,2018
Rodney Hutchison,University of North Carolina,College,AA,2018
Kohl Franklin,"Broken Arrow (Broken Arrow,OK)",HS,AA,2018
Ryan Miller,Clemson University,College,AA,2018
Devlin Granberg,Dallas Baptist University,College,AAA,2018
Andrew Karp,Florida State University,College,AA,2018
R.J. Freure,Pittsburgh University,College,AA,2018
Raynel Delgado,"Calvary Christian (Clearwater,FL)",HS,AAA,2018
Bryan Warzek,The University of New Orleans,College,AA,2018
Eric De La Rosa,Grossmont College,College,AA,2018
Edison Mora,"Puerto Rico Baseball Academy (Gurabo,PR)",HS,A+,2018
Gabriel Cotto,"Puerto Rico Baseball Academy (Gurabo,PR)",HS,A+,2018
Caberea Weaver,"South Gwinnett (Snellville,GA)",HS,A+,2018
Jay Schuyler,University of San Diego,College,AAA,2018
Kevin Smith,University of Georgia,College,AAA,2018
Jawuan Harris,Rutgers University,College,A+,2018
Brooks Wilson,Stetson University,College,AAA,2018
Charlie Cerny,University of Illinois-Chicago,College,A+,2018
Brett Kinneman,North Carolina State University,College,A,2018
J.J. Montgomery,University of Central Florida,College,A-,2018
Nick Podkul,University of Notre Dame,College,AAA,2018
Cason Sherrod,Texas A&M University,College,A+,2018
Jake Anchia,Nova Southeastern University,College,AAA,2018
Tim Brennan,Saint Joseph's University,College,AA,2018
Joe Ryan,"California State University, Stanislaus",College,MLB,2018
Andrew Wantz,University of North Carolina Greensboro,College,MLB,2018
Tyler Gray,University of Central Arkansas,College,A,2018
Brendan Donovan,University of South Alabama,College,MLB,2018
Josh Winder,Virginia Military Institute,College,MLB,2018
David Fry,Northwestern State University,College,MLB,2018
Andrew Quezada,Cal State Fullerton,College,AA,2018
Daniel Bies,Gonzaga University,College,AAA,2018
DJ Artis,Liberty University,College,AAA,2018
Travis Moths,Tennessee Tech University,College,A+,2018
Jarren Duran,Long Beach State University,College,MLB,2018
Chandler Day,Vanderbilt University,College,A,2018
Cesar Salazar,University of Arizona,College,MLB,2018
Cody Morris,University of South Carolina,College,MLB,2018
James Outman,Sacramento State,College,MLB,2018
Jeremiah Burks,Fresno State University,College,A+,2018
Solomon Bates,University of Southern California,College,AA,2018
Seth Lancaster,Coastal Carolina University,College,A,2018
Andrew Perez,University of South Florida,College,AAA,2018
Matt Pidich,Pittsburgh University,College,AAA,2018
Tylor Megill,University of Arizona,College,MLB,2018
Steven Wilson,Santa Clara University,College,MLB,2018
AJ Graffanino,University of Washington,College,AAA,2018
JJ Schwarz,University of Florida,College,AAA,2018
Zach Spears,"Miami University - Oxford, Ohio",College,A-,2018
Ryan Conroy,Elon University,College,AAA,2018
Joey Murray,Kent State University,College,AA,2018
Peyton Culbertson,Arkansas State University,College,A,2018
Joey Gerber,University of Illinois,College,MLB,2018
Jax Biggers,University of Arkansas,College,AAA,2018
Michael Berglund,Cisco Junior College,College,AA,2018
Tyler Smith,Canisius College,College,A+,2018
Jackson Lueck,Florida State University,College,A+,2018
Lars Nootbaar,University of Southern California,College,MLB,2018
Chris Williams,Clemson University,College,AAA,2018
Luis Gonzalez,"PJ Education School (Carolina,PR)",HS,Rk,2018
Nick Bush,Louisiana State University,College,AA,2018
Connor Van Hoose,Bucknell University,College,Rk,2018
Zach Mort,George Mason University,College,A+,2018
Levi Kelly,"IMG Academy (Bradenton,FL)",HS,AA,2018
Elih Marrero,St. Thomas University,College,AA,2018
Tyler Cropley,University of Iowa,College,AA,2018
Austin Hansen,University of Oklahoma,College,AAA,2018
Alex Royalty,The University of North Carolina Wilmington,College,AA,2018
Luke Heyer,University of Kentucky,College,A+,2018
Tarik Skubal,Seattle University,College,MLB,2018
Ben Madison,Central Baptist College,College,A+,2018
Dominic Pipkin,"Pinole Valley (Pinole,CA)",HS,A+,2018
Gunnar Troutwine,Wichita State University,College,AA,2018
Andrew McDonald,Virginia Tech,College,A,2018
Bryce Montes de Oca,University of Missouri,College,MLB,2018
Luke Becker,University of Kentucky,College,A,2018
Ryan Shetter,Texas Tech University,College,A+,2018
Chase Cohen,Georgia Southern University,College,AAA,2018
Logan Stoelke,University of Louisiana at Lafayette,College,A+,2018
Kevin Magee,St. John's University,College,A+,2018
Jake Brodt,Santa Clara University,College,AA,2018
Jake Walters,University of Alabama,College,AAA,2018
Keegan McGovern,University of Georgia,College,AA,2018
Chandler Sanburn,Wichita State University,College,A-,2018
Nick Lee,University of Louisiana at Lafayette,College,A-,2018
Jake Lee,Oakland University,College,AAA,2018
Kevon Jackson,"Queen Creek (Queen Creek,AZ)",HS,Rk,2018
Matt Duce,Dallas Baptist University,College,A-,2018
Willie Joe Garry,"Pascagoula (Pascagoula,MS)",HS,A+,2018
Arbert Cipion,"Passaic (Passaic,NJ)",HS,A+,2018
Willie MacIver,University of Washington,College,AAA,2018
Mick Vorhof,Grand Canyon University,College,Rk,2018
Derek Casey,University of Virginia,College,A+,2018
Tyler Holton,Florida State University,College,MLB,2018
Brian Brown,North Carolina State University,College,A-,2018
Tanner Driskill,Lamar University,College,A+,2018
Scott Schreiber,University of Nebraska,College,AA,2018
Brian Eichhorn,Georgia Southern University,College,A+,2018
Josh McLain,North Carolina State University,College,A,2018
Brock Deatherage,North Carolina State University,College,A+,2018
Alex DuBord,Faulkner University,College,A-,2018
Madison Stokes,University of South Carolina,College,AAA,2018
Bennett Sousa,University of Virginia,College,MLB,2018
AJ Moore,Kennesaw State University,College,Rk,2018
Manny Rodriguez,University of Cincinnati,College,AAA,2018
Jose Quezada,Texas Tech University,College,AAA,2018
Brett Langhorne,Carson-Newman University,College,A+,2018
Clark Cota,The University of North Carolina Wilmington,College,A,2018
Mike Gretler,Oregon State University,College,A+,2018
Dallas Litscher,Saint Catharine College,College,A,2018
Cal Stevenson,University of Arizona,College,MLB,2018
Tanner Andrews,Purdue University,College,AAA,2018
Matt Sanders,Troy University,College,AA,2018
Leury Tejada,"Walton (Marietta,GA)",HS,A+,2018
Alan Strong,"The University of Nevada, Las Vegas",College,AAA,2018
Ben Morrison,Western Kentucky University,College,A+,2018
Austin Lambright,Central Oklahoma College,College,A+,2018
Kevin Woodall,Coastal Carolina University,College,A-,2018
Regi Grace,"Madison Central (Madison,MS)",HS,A+,2018
J.T. Hintzen,Florida Southern College,College,AA,2018
Cade Harris,University of Oklahoma,College,A+,2018
Josh Maciejewski,University of North Carolina-Charlotte,College,AAA,2018
Luke Reynolds,University of Southern Mississippi,College,A+,2018
Nick Dalesandro,Purdue University,College,AA,2018
Grant Williams,Kennesaw State University,College,AAA,2018
Carson Shaddy,University of Arkansas,College,A-,2018
Chandler Taylor,University of Alabama,College,AAA,2018
Robert Broom,Mercer University,College,AAA,2018
Deacon Liput,University of Florida,College,AAA,2018
Adley Rutschman,Oregon State University,College,MLB,2019
Bobby Witt,"Colleyville Heritage (Colleyville,TX)",HS,MLB,2019
Andrew Vaughn,University of California,College,MLB,2019
JJ Bleday,Vanderbilt University,College,MLB,2019
Riley Greene,"Hagerty (Oviedo,FL)",HS,MLB,2019
CJ Abrams,"Blessed Trinity Catholic (Roswell,GA)",HS,MLB,2019
Nick Lodolo,Texas Christian University,College,MLB,2019
Josh Jung,Texas Tech University,College,MLB,2019
Shea Langeliers,Baylor University,College,MLB,2019
Hunter Bishop,Arizona State University,College,A+,2019
Alek Manoah,West Virginia University,College,MLB,2019
Brett Baty,"Lake Travis (Austin,TX)",HS,MLB,2019
Keoni Cavaco,"Eastlake (Chula Vista,CA)",HS,A+,2019
Bryson Stott,"The University of Nevada, Las Vegas",College,MLB,2019
Will Wilson,North Carolina State University,College,AAA,2019
Corbin Carroll,"Lakeside (Nine Mile,WA)",HS,MLB,2019
Jackson Rutledge,San Jacinto College: Central Campus,College,AA,2019
Quinn Priester,"Cary Grove (Cary,IL)",HS,AAA,2019
Zack Thompson,University of Kentucky,College,MLB,2019
George Kirby,Elon University,College,MLB,2019
Braden Shewmake,Texas A&M University,College,MLB,2019
Greg Jones,The University of North Carolina Wilmington,College,AAA,2019
Michael Toglia,"University of California, Los Angeles (UCLA)",College,MLB,2019
Daniel Espino,"Georgia Premier Academy (Statesboro,GA)",HS,AA,2019
Kody Hoese,Tulane University,College,AA,2019
Blake Walston,"New Hanover (Wilmington,NC)",HS,AAA,2019
Ryan Jensen,Fresno State University,College,AA,2019
Ethan Small,Mississippi State University,College,MLB,2019
Logan Davidson,Clemson University,College,AA,2019
Anthony Volpe,"Delbarton (Morristown,NJ)",HS,MLB,2019
Michael Busch,University of North Carolina,College,MLB,2019
Korey Lee,University of California,College,MLB,2019
Brennan Malone,"IMG Academy (Bradenton,FL)",HS,A,2019
Drey Jameson,Ball State University,College,MLB,2019
Kameron Misner,University of Missouri,College,AAA,2019
JJ Goss,"Cypress Ranch (Cypress,TX)",HS,A+,2019
Sammy Siani,"William Penn Charter (Philadelphia,PA)",HS,A+,2019
T.J. Sikkema,University of Missouri,College,AA,2019
Matt Wallner,University of Southern Mississippi,College,MLB,2019
Seth Johnson,Campbell University,College,A+,2019
Davis Wendzel,Baylor University,College,AAA,2019
Gunnar Henderson,"John T. Morgan Academy (Selma,AL)",HS,MLB,2019
Cam Cannon,University of Arizona,College,AAA,2019
Brady McConnell,University of Florida,College,A,2019
Matthew Thompson,"Cypress Ranch (Cypress,TX)",HS,AA,2019
Nasim Nunez,"Collins Hill (Suwanee,GA)",HS,AA,2019
Nick Quintana,University of Arizona,College,AA,2019
Joshua Mears,"Federal Way (Federal Way,WA)",HS,AA,2019
Rece Hinds,"IMG Academy (Bradenton,FL)",HS,AA,2019
Ryan Garcia,"University of California, Los Angeles (UCLA)",College,AA,2019
Logan Wyatt,University of Louisville,College,A+,2019
Kendall Williams,"IMG Academy (Bradenton,FL)",HS,A+,2019
Josh Wolf,"St. Thomas Catholic (Houston,TX)",HS,A+,2019
Matt Canterino,Rice University,College,AA,2019
Kyren Paris,"Freedom (Oakley,CA)",HS,AA,2019
Ryne Nelson,University of Oregon,College,MLB,2019
Matt Gorski,Indiana University,College,AAA,2019
Tre Fletcher,"Deering (Portland,ME)",HS,A,2019
Brandon Williamson,Texas Christian University,College,MLB,2019
Beau Philip,Oregon State University,College,AA,2019
John Doxakis,Texas A&M University,College,AA,2019
Aaron Schunk,University of Georgia,College,AAA,2019
Yordys Valdes,"McArthur (Hollywood,FL)",HS,A+,2019
Chase Strumpf,"University of California, Los Angeles (UCLA)",College,AAA,2019
Antoine Kelly,Wabash Valley College,College,AA,2019
Tyler Baum,University of North Carolina,College,A+,2019
Josh H. Smith,Louisiana State University,College,MLB,2019
Grae Kessinger,University of Mississippi,College,AAA,2019
Matthew Lugo,"Carlos Beltran Baseball Academy (Florida,PR)",HS,AA,2019
Alec Marsh,Arizona State University,College,AAA,2019
Kyle Stowers,Stanford University,College,MLB,2019
Jared Triolo,University of Houston,College,AAA,2019
Logan Driscoll,George Mason University,College,AA,2019
Tommy Henry,University of Michigan,College,MLB,2019
Dominic Fletcher,University of Arkansas,College,MLB,2019
Isaiah Campbell,University of Arkansas,College,AA,2019
Karl Kauffmann,University of Michigan,College,MLB,2019
Jimmy Lewis,"Lake Travis (Austin,TX)",HS,A,2019
Zach Watson,Louisiana State University,College,AA,2019
Grant Gambrell,Oregon State University,College,AA,2019
Andrew Dalquist,"Redondo Union (Redondo Beach,CA)",HS,AA,2019
Peyton Burdick,Wright State University,College,MLB,2019
Andre Lipcius,University of Tennessee,College,AAA,2019
Hudson Head,"Churchill (San Antonio,TX)",HS,A+,2019
Tyler Callihan,"Providence School (Jacksonville,FL)",HS,A+,2019
Justin Slaten,University of New Mexico,College,AA,2019
Grant McCray,"Lakewood Ranch (Bradenton,FL)",HS,A+,2019
Dasan Brown,"Abbey Park (Oakville,ON)",HS,A+,2019
Matt Allan,"Seminole (Sanford,FL)",HS,A-,2019
Spencer Steer,University of Oregon,College,MLB,2019
Jamari Baylor,"Benedictine (Richmond,VA)",HS,A+,2019
Jack Kochanowicz,"Harriton (Bryn Mawr,PA)",HS,AA,2019
Tristin English,Georgia Tech,College,AAA,2019
Drew Mendoza,Florida State University,College,AA,2019
Matt Fraizer,University of Arizona,College,AA,2019
Tony Locey,University of Georgia,College,AA,2019
Levi Stoudt,Lehigh University,College,MLB,2019
Michael Harris,"Stockbridge (Stockbridge,GA)",HS,MLB,2019
Shane Sasaki,"Iolani (Honolulu,HI)",HS,A+,2019
Jacob Wallace,Texas A&M University,College,AA,2019
Joe Naranjo,"Ayala (Chino Hills,CA)",HS,AA,2019
Ryan Pepiot,Butler University,College,MLB,2019
Michael McAvene,University of Louisville,College,AA,2019
Marcus Smith,"Pembroke Hill (Kansas City,MO)",HS,A+,2019
Jake Sanford,Western Kentucky University,College,A+,2019
Jordan Brewer,University of Michigan,College,AA,2019
Ryan Zeferjahn,University of Kansas,College,AA,2019
Joey Ortiz,New Mexico State University,College,MLB,2019
Michael Massey,University of Illinois,College,MLB,2019
James Beard,"Loyd Star Attendance Center (Lincoln,MS)",HS,A+,2019
Evan Edwards,North Carolina State University,College,AA,2019
Ryan Kreidler,"University of California, Los Angeles (UCLA)",College,MLB,2019
Matt Brash,Niagara University,College,MLB,2019
Ivan Johnson,Chipola College,College,AA,2019
Cody Freeman,"Etiwanda (Etiwanda,CA)",HS,A+,2019
Tyler Fitzgerald,University of Louisville,College,AAA,2019
Will Robertson,Creighton University,College,AA,2019
Jake Mangum,Mississippi State University,College,AAA,2019
Seth Gray,Wright State University,College,AAA,2019
Erik Miller,Stanford University,College,AAA,2019
Erik Rivera,"Puerto Rico Baseball Academy (Gurabo,PR)",HS,A,2019
Glenallen Hill,"Santa Cruz (Santa Cruz,CA)",HS,A,2019
Matt Cronin,University of Arkansas,College,AAA,2019
J.C. Flowers,Florida State University,College,AAA,2019
Andre Pallante,"University of California, Irvine",College,MLB,2019
Tim Elliott,University of Georgia,College,A+,2019
Kasey Kalich,Texas A&M University,College,AAA,2019
Graeme Stinson,Duke University,College,AA,2019
Brenton Doyle,Shepherd University,College,MLB,2019
Christian Cairo,"Calvary Christian (Clearwater,FL)",HS,A+,2019
Brandon Lewis,"University of California, Irvine",College,AA,2019
Chris Clarke,University of Southern California,College,AAA,2019
Nick Kahle,University of Washington,College,AAA,2019
Kyle McCann,Georgia Tech,College,AAA,2019
Jake Agnos,East Carolina University,College,A-,2019
Colin Barber,"Pleasant Valley (Chico,CA)",HS,AA,2019
Noah Song,The United States Naval Academy,College,A-,2019
Darell Hernaiz,"Americas (El Paso,TX)",HS,AA,2019
John Rave,Illinois State University,College,AAA,2019
Dan Metzdorf,Boston College,College,A+,2019
Evan Fitterer,"Aliso Niguel (Aliso Viejo,CA)",HS,AA,2019
Bryant Packard,East Carolina University,College,AA,2019
Chris Lincoln,"The University of California, Santa Barbara",College,A+,2019
Evan Kravetz,Rice University,College,AA,2019
Kellen Strahm,San Jose State University,College,AA,2019
Garrett Frechette,"Orange Lutheran (Orange,CA)",HS,A,2019
Tanner Morris,University of Virginia,College,AAA,2019
Nate Jones,Northwestern State University,College,A+,2019
Will Holland,Auburn University,College,AA,2019
Gunner Mayer,San Joaquin Delta College,College,A+,2019
Garrett Stallings,University of Tennessee,College,AA,2019
Conor Grammes,Xavier University,College,AA,2019
Tyler Dyson,University of Florida,College,A+,2019
Grant Ford,University of Nevada,College,AAA,2019
Connor Thomas,Georgia Tech,College,AAA,2019
Austin Shenton,Florida International University,College,AA,2019
Stephen Paolini,"St. Joseph (Trumbull,CT)",HS,A+,2019
Ben Brecht,"The University of California, Santa Barbara",College,A+,2019
Will Ethridge,University of Mississippi,College,AA,2019
Hunter Gaddis,Georgia State University,College,MLB,2019
Jack Little,Stanford University,College,AA,2019
Josh Burgmann,University of Washington,College,A-,2019
Thomas Dillard,University of Mississippi,College,AA,2019
Jalen Greer,"St. Rita of Cascia (Chicago,IL)",HS,AA,2019
Ken Waldichuk,St. Mary's College of California,College,MLB,2019
Hunter Brown,Wayne State University,College,MLB,2019
Jaxx Groshans,University of Kansas,College,A+,2019
Maverick Handley,Stanford University,College,AAA,2019
Dante Biasi,Penn State University,College,AA,2019
Avery Weems,University of Arizona,College,AA,2019
M.D. Johnson,Dallas Baptist University,College,AA,2019
Cooper Johnson,University of Mississippi,College,AA,2019
Drake Fellows,Vanderbilt University,College,A,2019
Graham Ashcraft,University of Alabama-Birmingham,College,MLB,2019
Cody Bradford,Baylor University,College,MLB,2019
Dilan Rosario,"Leadership Christian Academy (Guaynabo,PR)",HS,AAA,2019
Cam Eden,University of California,College,AAA,2019
Zach Ashford,Fresno State University,College,AA,2019
Sawyer Gipson-Long,Mercer University,College,AA,2019
Andrew Schultz,University of Tennessee,College,AA,2019
Zach Peek,Winthrop University,College,AA,2019
Andrew Saalfrank,Indiana University,College,AA,2019
Jackson Cluff,Brigham Young University ,College,AA,2019
William Matthiessen,Stanford University,College,AA,2019
Pedro Pages,Florida Atlantic University,College,AAA,2019
Michael Limoncelli,"Horseheads (Horseheads,NY)",HS,A+,2019
Tanner Gordon,Indiana University,College,AAA,2019
Colby White,Mississippi State University,College,AAA,2019
Gavin Hollowell,St. John's University,College,MLB,2019
Jordan Brown,"Junipero Serra (Gardena,CA)",HS,A,2019
Aaron Ochsenbein,Eastern Kentucky University,College,AAA,2019
Ethan Hearn,"Mobile Christian (Mobile,AL)",HS,A+,2019
Nick Bennett,University of Louisville,College,AAA,2019
Seth Shuman,Georgia Southern University,College,A+,2019
Hayden Wesneski,Sam Houston State University,College,MLB,2019
Matthew Barefoot,Campbell University,College,AA,2019
Chris Murphy,University of San Diego,College,AAA,2019
Johnny Rizer,Texas Christian University,College,AAA,2019
Noah Murdock,University of Virginia,College,AA,2019
Karan Patel,The University of Texas at San Antonio,College,AA,2019
Bryan Hoeing,University of Louisville,College,MLB,2019
Zack Hess,Louisiana State University,College,AA,2019
Connor Lehmann,Saint Louis University,College,A+,2019
Eric Yang,"The University of California, Santa Barbara",College,AAA,2019
Brandon Sproat,"Pace (Pace,FL)",HS,College,2019
Armani Smith,"The University of California, Santa Barbara",College,AA,2019
LJ Talley,University of Georgia,College,AAA,2019
Luke Ritter,Wichita State University,College,AAA,2019
Anthony Prato,University of Connecticut,College,AA,2019
Brett Schulze,University of Minnesota,College,AA,2019
Davis Daniel,Auburn University,College,AAA,2019
Spencer Brickhouse,East Carolina University,College,A+,2019
Todd Peterson,Louisiana State University,College,A+,2019
Blake Sabol,University of Southern California,College,MLB,2019
Jack Ralston,"University of California, Los Angeles (UCLA)",College,AA,2019
Adam Macko,"Vauxhall (Crowsnest pass,AB)",HS,A+,2019
Darius Vines,Cal State Bakersfield,College,AAA,2019
Jake Guenther,Texas Christian University,College,A+,2019
Jared Horn,University of California,College,Rk,2019
Xzavion Curry,Georgia Tech,College,MLB,2019
Nick Robertson,James Madison University ,College,AAA,2019
Brad Deppermann,University of North Florida ,College,A+,2019
Gabe Holt,Texas Tech University,College,AA,2019
Drew Millas,Missouri State University,College,AAA,2019
Nick Paciorek,Northwestern University,College,A+,2019
Blair Henley,University of Texas,College,AA,2019
Brock Bell,State College of Florida Manatee-Sarasota,College,A+,2019
Griffin McLarty,College of Charleston,College,AA,2019
Drew Parrish,Florida State University,College,AAA,2019
Ivan Gonzalez,West Virginia University,College,AA,2019
Tevin Mitchell,"The University of California, Santa Barbara",College,AAA,2019
Jack Kenley,University of Arkansas,College,AA,2019
Andrew Mitchel,San Jose State University,College,Indy,2019
Quin Cotton,Grand Canyon University,College,AA,2019
John Matthews,Kent State University,College,AA,2019
Caleb Kilian,Texas Tech University,College,MLB,2019
Angel Camacho,Jacksonville University,College,Rk,2019
Connor Wollersheim,Kent State University,College,A,2019
Casey Legumina,Gonzaga University,College,MLB,2019
Nate Fassnacht,The George Washington University,College,AAA,2019
Kyle Brnovich,Elon University,College,AAA,2019
Dominic Canzone,Ohio State University,College,AAA,2019
Jeremy Ydens,"University of California, Los Angeles (UCLA)",College,A+,2019
Austin Roberts,Sacramento State,College,AAA,2019
Logan Gragg,Oklahoma State University,College,AA,2019
Ty Adcock,Elon University,College,AA,2019
Ricky DeVito,Seton Hall University,College,AA,2019
Nathan Wiles,University of Oklahoma,College,AAA,2019
Jacob Kostyshock,University of Arkansas,College,AA,2019
Will Brennan,Kansas State University,College,MLB,2019
Ryan Ward,Bryant University,College,AAA,2019
DJ Herz,"Terry Sanford (Fayetteville,NC)",HS,AA,2019
David Hamilton,University of Texas,College,AAA,2019
Jose Dicochea,"Sahuarita (Sahuarita,AZ)",HS,A,2019
Zach Greene,University of South Alabama,College,AAA,2019
Luis Guerrero,Miami Dade College,College,AA,2019
Wil Dalton,University of Florida,College,AA,2019
Connor Gillispie,Virginia Commonwealth University,College,AA,2019
Clay Dungan,Indiana State University,College,AAA,2019
Tyson Messer,Campbell University,College,A,2019
Evan Brabrand,Liberty University,College,A+,2019
Austin Bergner,University of North Carolina,College,AAA,2019
Jason Blanchard,Lamar University,College,AA,2019
TJ Hopkins,University of South Carolina,College,MLB,2019
Zak Kent,Virginia Military Institute,College,AAA,2019
Simon Whiteman,Yale University,College,AA,2019
Phil Clarke,Vanderbilt University,College,AA,2019
Joe Genord,University of South Florida,College,A+,2019
Brent Headrick,Illinois State University,College,MLB,2019
Rudy Rott,Ohio University,College,A+,2019
Zach Linginfelter,University of Tennessee,College,AA,2019
Bobby Ay,Cal Poly,College,A+,2019
Hunter McMahon,Texas State University,College,AA,2019
Ethan Paul,Vanderbilt University,College,AAA,2019
Todd Lott,University of Louisiana at Lafayette,College,AA,2019
Mike Salvatore,Florida State University,College,AA,2019
Cody Milligan,Cowley College,College,AA,2019
Evan McKendry,University of Miami,College,AAA,2019
Isaac Collins,Creighton University,College,AAA,2019
Will Bartlett,"IMG Academy (Bradenton,FL)",HS,A+,2019
Alec Gamboa,Fresno City College,College,AA,2019
Tyler Schlaffer,"Homewood-Flossmoor (Flossmoor,IL)",HS,A+,2019
Darrien Miller,"Clovis (Clovis,CA)",HS,A+,2019
Colin Peluse,Wake Forest University,College,AAA,2019
Spencer Henson,Oral Roberts University,College,A+,2019
Peyton Battenfield,Oklahoma State University,College,MLB,2019
Cody Scroggins,University of Arkansas,College,AA,2019
Jordan Cannon,Sam Houston State University,College,A,2019
Anthony Veneziano,Coastal Carolina University,College,AAA,2019
Nate Pawelczyk,Winthrop University,College,Rk,2019
J.D. Orr,Wright State University,College,AAA,2019
Jake Holton,Creighton University,College,AA,2019
Ethan Elliott,Lincoln Memorial University,College,AA,2019
Jake Stevenson,University of Minnesota,College,A+,2019
Joe Corbett,West Texas A&M University,College,AA,2019
Jeff Houghtby,University of San Diego,College,A-,2019
Glenn Santiago,"International Baseball Academy (Ceiba,PR)",HS,A+,2019
Scott Ota,University of Illinois-Chicago,College,A+,2019
Ben Gross,Duke University,College,AA,2019
McCarthy Tatum,Fresno State University,College,AA,2019
Chad Sykes,University of North Carolina Greensboro,College,A+,2019
Oscar Santos,"PJ Education School (Carolina,PR)",HS,A,2019
Andrew Pratt,Lubbock Christian University,College,A+,2019
Cameron Junker,University of Notre Dame,College,AA,2019
Jake Sommers,University of Wisconsin-Milwaukee,College,A+,2019
Kyle Hill,Baylor University,College,AAA,2019
Brandon Parker,Mississippi Gulf Coast Community College,College,A+,2019
Jonathan Embry,Liberty University,College,A,2019
Jack Yalowitz,University of Illinois,College,A,2019
Zach Hart,Franklin Pierce University,College,AA,2019
Zac Ching,Virginia Commonwealth University,College,A+,2019
Wyatt Hendrie,Antelope Valley College,College,A+,2019
Taylor Floyd,Texas Tech University,College,AA,2019
Patrick McColl,Harvard University,College,A+,2019
Mitch Spence,The University of South Carolina Aiken,College,AAA,2019
C.J. Stubbs,University of Southern California,College,AA,2019
Stephen Scott,Vanderbilt University,College,AA,2019
Henry Davis,University of Louisville,College,AA,2021
Jack Leiter,Vanderbilt University,College,AA,2021
Jackson Jobe,"Heritage Hall (Oklahoma City,OK)",HS,A+,2021
Marcelo Mayer,"Eastlake (Chula Vista,CA)",HS,AA,2021
Colton Cowser,Sam Houston State University,College,AAA,2021
Jordan Lawlar,"Jesuit College Prep (Dallas,TX)",HS,AA,2021
Frank Mozzicato,"East Catholic (Manchester,CT)",HS,A,2021
Benny Montgomery,"Red Land (Lewisberry,PA)",HS,A+,2021
Sam Bachman,"Miami University - Oxford, Ohio",College,MLB,2021
Kumar Rocker,Vanderbilt University,College,A+,2021
Brady House,"Winder-Barrow (Winder,GA)",HS,A,2021
Harry Ford,"North Cobb (Kennesaw,GA)",HS,A+,2021
Andrew Painter,"Calvary Christian Academy (Fort Lauderdale,FL)",HS,AA,2021
Will Bednar,Mississippi State University,College,A,2021
Sal Frelick,Boston College,College,AAA,2021
Kahlil Watson,"Wake Forest-Rolesville (Wake Forest,NC)",HS,A+,2021
Matt McLain,"University of California, Los Angeles (UCLA)",College,MLB,2021
Michael McGreevy,"The University of California, Santa Barbara",College,AAA,2021
Gunnar Hoglund,University of Mississippi,College,A,2021
Trey Sweeney,Eastern Illinois University,College,AA,2021
Jordan Wicks,Kansas State University,College,AA,2021
Colson Montgomery,"Southridge (Huntingburg,IN)",HS,AA,2021
Gavin Williams,East Carolina University,College,AAA,2021
Ryan Cusick,Wake Forest University,College,AA,2021
Max Muncy,"Thousand Oaks (Thousand Oaks,CA)",HS,A+,2021
Chase Petty,"Mainland Regional (Linwood,NJ)",HS,A+,2021
Jackson Merrill,"Severna Park (Severna Park,MD)",HS,A+,2021
Carson Williams,"Torrey Pines (San Diego,CA)",HS,A+,2021
Maddux Bruns,"UMS Wright Prep (Mobile,AL)",HS,A+,2021
Jay Allen,"Carroll (Fort Pierce,FL)",HS,A+,2021
Joe Mack,"Williamsville East (Williamsville,NY)",HS,A+,2021
Ty Madden,University of Texas,College,AA,2021
Tyler Black,Wright State University,College,AA,2021
Cooper Kinney,"Baylor School (Chattanooga,TN)",HS,A,2021
Matheu Nelson,Florida State University,College,A+,2021
Noah Miller,"Ozaukee (Fredonia,WI)",HS,A+,2021
Anthony Solometo,"Bishop Eustace Preparatory School (Pennsauken,NJ)",HS,A+,2021
Aaron Zavala,University of Oregon,College,AA,2021
Izaac Pacheco,"Friendswood (Friendswood,TX)",HS,A+,2021
Jud Fabian,University of Florida,College,A+,2021
Connor Norby,East Carolina University,College,AAA,2021
Ryan Bliss,Auburn University,College,AA,2021
Ben Kudrna,"Blue Valley Southwest (Leawood,KS)",HS,A,2021
Jaden Hill,Louisiana State University,College,A+,2021
Ky Bush,St. Mary's College of California,College,AA,2021
Calvin Ziegler,"TNXL Academy (Longwood,Fl)",HS,A,2021
Daylen Lile,"Trinity (Louisville,KY)",HS,A,2021
Edwin Arroyo,"Arecibo Baseball Academy (Bajadero,PR)",HS,A+,2021
Ethan Wilson,University of South Alabama,College,AA,2021
Matt Mikulski,Fordham University,College,A+,2021
Russell Smith,Texas Christian University,College,AA,2021
Cody Morissette,Boston College,College,AA,2021
Andrew Abbott,University of Virginia,College,AAA,2021
Joshua Baez,"Dexter (Brookline,MA)",HS,A,2021
Brendan Beck,Stanford University,College,College,2021
James Triantos,"James Madison (Vienna,VA)",HS,A+,2021
Wes Kath,"Desert Mountain (Scottsdale,AZ)",HS,AA,2021
Doug Nikhazy,University of Mississippi,College,AA,2021
Spencer Schwellenbach,University of Nebraska,College,A,2021
Zack Gelof,University of Virginia,College,AAA,2021
Steve Hajjar,University of Michigan,College,A+,2021
James Wood,"IMG Academy (Bradenton,FL)",HS,AA,2021
Kyle Manzardo,Washington State University,College,AAA,2021
Lonnie White,"Malvern Preparatory School (Malvern,PA)",HS,Rk,2021
Reed Trimble,University of Southern Mississippi,College,A+,2021
Peyton Wilson,University of Alabama,College,AA,2021
Adrian Del Castillo,University of Miami,College,AA,2021
Joe Rock,Ohio University,College,AA,2021
Tommy Mace,University of Florida,College,A+,2021
Ryan Holgate,University of Arizona,College,A,2021
Robert Gasser,University of Houston,College,AAA,2021
Bubba Chandler,"North Oconee (Bogart,GA)",HS,A+,2021
Cameron Cauley,"Barbers Hill (Mount Belvieu,TX)",HS,A,2021
Dylan Smith,University of Alabama,College,AA,2021
Tyler McDonough,North Carolina State University,College,AA,2021
John Rhodes,University of Kentucky,College,AA,2021
Jacob Steinmetz,"Central Florida Elev8 (Delray Beach,FL)",HS,A,2021
Carter Jensen,"Park Hill (Kansas City,MO)",HS,A+,2021
McCade Brown,Indiana University,College,A,2021
Landon Marceaux,Louisiana State University,College,AA,2021
Dominic Hamel,Dallas Baptist University,College,AA,2021
Branden Boissiere,University of Arizona,College,A,2021
Michael Morales,"East Pennsboro Area (Enola,PA)",HS,A,2021
Jordan Viars,"Reedy (Frisco,TX)",HS,A,2021
Mason Black,Lehigh University,College,AA,2021
Alex Binelas,University of Louisville,College,AA,2021
Tyler Whitaker,"Bishop Gorman (Las Vegas,NV)",HS,A,2021
Jordan McCants,"Pensacola Catholic (Pensacola,FL)",HS,A,2021
Jose Torres,North Carolina State University,College,AA,2021
Austin Love,University of North Carolina,College,A+,2021
Ricky Tiedemann,Golden West College,College,AA,2021
Brock Selvidge,"Hamilton (Chandler,AZ)",HS,A,2021
Drew Gray,"IMG Academy (Bradenton,FL)",HS,Rk,2021
Sean Burke,University of Maryland,College,AAA,2021
Jake Fox,"Lakeland Christian (Lakeland,FL)",HS,A+,2021
Dylan Dodd,Southeast Missouri State University,College,MLB,2021
Mason Miller,Gardner-Webb University,College,MLB,2021
Cade Povich,University of Nebraska,College,AA,2021
Kevin Kopps,University of Arkansas,College,AA,2021
Ryan Spikes,"Parkview (Lilburn,GA)",HS,A,2021
Peter Heubeck,"Gilman School (Baltimore,MD)",HS,A,2021
Owen Kellington,"U-32 (Montpelier,VT)",HS,A,2021
Ian Moller,"Wahlert (Dubuque,IA)",HS,A,2021
Tyler Mattison,Bryant University,College,A+,2021
Elmer Rodriguez-Cruz,"Leadership Christian Academy (Guaynabo,PR)",HS,A,2021
Donta' Williams,University of Arizona,College,AA,2021
Chad Patrick,Purdue University Northwest,College,AA,2021
Shane Panzini,"Red Bank Catholic (Red Bank,NJ)",HS,A,2021
Hunter Goodman,University of Memphis,College,AA,2021
Luke Murphy,Vanderbilt University,College,AA,2021
JT Schwartz,"University of California, Los Angeles (UCLA)",College,AA,2021
Dustin Saenz,Texas A&M University,College,A+,2021
Bryce Miller,Texas A&M University,College,MLB,2021
Micah Ottenbreit,"Trenton (Trenton,MI)",HS,A,2021
Eric Silva,"JSerra Catholic (San Juan Capistrano,CA)",HS,A+,2021
Logan Henderson,McLennan Community College,College,A,2021
Alex Ulloa,"Calvary Christian Academy (Fort Lauderdale,FL)",HS,JrCollege,2021
Tanner Allen,Mississippi State University,College,A+,2021
Ruben Ibarra,San Jose State University,College,A+,2021
Zane Mills,Washington State University,College,A+,2021
Chad Dallas,University of Tennessee,College,AA,2021
Cooper Bowman,University of Louisville,College,AA,2021
Christian Franklin,University of Arkansas,College,A+,2021
Brooks Gosswein,Bradley University,College,A+,2021
Ryan Webb,University of Georgia,College,A+,2021
Cal Conley,Texas Tech University,College,AA,2021
Denzel Clarke,Cal State Northridge,College,AA,2021
Christian Encarnacion-Strand,Oklahoma State University,College,AAA,2021
Jackson Wolf,West Virginia University,College,AA,2021
Dru Baker,Texas Tech University,College,A+,2021
Nick Nastrini,"University of California, Los Angeles (UCLA)",College,AA,2021
Chayce McDermott,Ball State University,College,AA,2021
Jackson Glenn,Dallas Baptist University,College,A+,2021
Mitch Bratt,"Georgia Premier Academy (Statesboro,GA)",HS,A+,2021
Tanner Kohlhepp,University of Notre Dame,College,College,2021
Nathan Hickey,University of Florida,College,AA,2021
Carlos Tavera,University of Texas at Arlington,College,AA,2021
Caleb Roberts,University of North Carolina,College,AA,2021
Eric Cerantola,Mississippi State University,College,A+,2021
Evan Justice,North Carolina State University,College,AA,2021
Brett Kerry,University of South Carolina,College,AA,2021
Christian Scott,University of Florida,College,A+,2021
T.J. White,"Dorman (Roebuck,SC)",HS,A+,2021
Andy Thomas,Baylor University,College,AA,2021
Griff McGarry,University of Virginia,College,AAA,2021
Rohan Handa,Yale University,College,College,2021
Ethan Murray,Duke University,College,AA,2021
Quincy Hamilton,Wright State University,College,AA,2021
Brady Allen,University of South Carolina,College,A+,2021
Thomas Farr,University of South Carolina,College,A+,2021
Gordon Graceffo,Villanova University,College,AAA,2021
Irv Carter,"Calvary Christian Academy (Fort Lauderdale,FL)",HS,A,2021
Tyler Hardman,University of Oklahoma,College,AA,2021
Liam Spence,University of Tennessee,College,AAA,2021
Tanner McDougal,"Silverado (Las Vegas,NV)",HS,A,2021
Tanner Bibee,Cal State Fullerton,College,MLB,2021
Luke Waddell,Georgia Tech,College,AAA,2021
CJ Rodriguez,Vanderbilt University,College,A+,2021
Christian MacLeod,Mississippi State University,College,A+,2021
Max Ferguson,University of Tennessee,College,A+,2021
Mason Auer,San Jacinto College: Central Campus,College,AA,2021
Ben Casparius,University of Connecticut,College,AA,2021
Mike Jarvis,San Diego State University,College,AAA,2021
Chase Lee,University of Alabama,College,AAA,2021
Austin Murr,North Carolina State University,College,A+,2021
Daniel McElveny,"Bonita Vista (Chula Vista,CA)",HS,A,2021
Collin Burns,Tulane University,College,A+,2021
Luke Albright,Kent State University,College,AA,2021
Dayton Dooney,Central Arizona College,College,A,2021
Braxton Fulford,Texas Tech University,College,AA,2021
Jake Smith,University of Miami,College,A+,2021
Carson Seymour,Kansas State University,College,AA,2021
Michael Kirian,University of Louisville,College,A+,2021
Bryan Woo,Cal Poly,College,MLB,2021
Jose Pena,"Tampa Prep (Tampa,FL)",HS,Rk,2021
Seth Lonsway,Ohio State University,College,A+,2021
Carlos F. Rodriguez,Florida SouthWestern State College,College,AA,2021
Spencer Arrighetti,University of Louisiana at Lafayette,College,AA,2021
Sam Praytor,University of Alabama,College,A,2021
Justice Thompson,University of North Carolina,College,A+,2021
Alfredo Ruiz,Long Beach State University,College,A+,2021
Hayden Juenger,Missouri State University,College,AAA,2021
Richard Fitts,Auburn University,College,AA,2021
Riley Martin,Quincy University,College,AA,2021
Taylor Broadway,University of Mississippi,College,AAA,2021
Aaron Davenport,University Of Hawaii,College,A+,2021
Justyn-Henry Malloy,Georgia Tech,College,AAA,2021
Grant Holman,University of California,College,AA,2021
Travis Adams,Sacramento State,College,AA,2021
Ryan Bergert,West Virginia University,College,A+,2021
Mason Montgomery,Texas Tech University,College,AA,2021
Emmet Sheehan,Boston College,College,AA,2021
Wyatt Hendrie,San Diego State University,College,A+,2021
Bradford Webb,Virginia Commonwealth University,College,AA,2021
Brant Hurter,Georgia Tech,College,AA,2021
Wyatt Olds,University of Oklahoma,College,AA,2021
Connor Pavolony,University of Tennessee,College,AA,2021
Scott Randall,Sacramento State,College,A+,2021
Noah Cameron,University of Central Arkansas,College,AA,2021
Evan Shawver,University of Cincinnati,College,A+,2021
Ryan Costeiu,University of Arkansas,College,A+,2021
Kevin Kendall,"University of California, Los Angeles (UCLA)",College,A+,2021
Jacob Young,University of Florida,College,College,2021
Colin Davis,Wofford College,College,A+,2021
Christian McGowan,Eastern Oklahoma State College,College,A+,2021
Nick Sinacola,University of Maine,College,A+,2021
Tristan Peters,Southern Illinois University,College,AA,2021
Joey Loperfido,Duke University,College,AA,2021
Gabe Bierman,Indiana University,College,A+,2021
Kevin Abel,Oregon State University,College,A,2021
Alec Willis,"Regis Jesuit (Aurora,CO)",HS,Rk,2021
Jaden Rudd,"Mosley (Panama City,FL)",HS,A,2021
Robby Ahlstrom,University of Oregon,College,A+,2021
Parker Chavers,Coastal Carolina University,College,A,2021
Theo Denlinger,Bradley University,College,AAA,2021
Jack Leftwich,University of Florida,College,AA,2021
AJ Smith-Shawver,"Colleyville Heritage (Colleyville,TX)",HS,AAA,2021
Brett Harris,Gonzaga University,College,AA,2021
Jake Rucker,University of Tennessee,College,AAA,2021
Ryan Och,University of Southern Mississippi,College,A+,2021
Logan Workman,Lee University,College,AA,2021
Ryan Sublette,Texas Tech University,College,AA,2021
Sean Sullivan,University of California,College,AA,2021
Larson Kindreich, Biola University,College,A+,2021
Jordan Marks,University of South Carolina Upstate,College,A+,2021
Hunter Dobbins,Texas Tech University,College,A+,2021
Creed Willems,"Aledo (Aledo,TX)",HS,A+,2021
Gavin Conticello,"Stoneman Douglas (Parkland,FL)",HS,A,2021
Ryan Cepero,"Carlos Beltran Baseball Academy (Florida,PR)",HS,Rk,2021
Robby Martin,Florida State University,College,A+,2021
Nick Jones,Georgia Southern University,College,AA,2021
Mike Vasil,University of Virginia,College,AA,2021
Will Frizzell,Texas A&M University,College,AA,2021
James Parker,Clemson University,College,AAA,2021
Jason Ruffcorn,University of Oklahoma,College,A+,2021
Ian Villers,University of California,College,A,2021
Zack Raabe,University of Minnesota,College,A+,2021
Colton Gordon,University of Central Florida,College,AA,2021
Patrick Monteverde,Texas Tech University,College,AA,2021
Hunter Parks,Florence-Darlington Technical College,College,A+,2021
Mike Antico,University of Texas,College,AA,2021
Hunter Gregory,Old Dominion University,College,A+,2021
Will Warren,Southeastern Louisiana University,College,AAA,2021
Casey Opitz,University of Arkansas,College,AAA,2021
Fraser Ellard,Liberty University,College,AA,2021
Rodney Boone,"The University of California, Santa Barbara",College,A+,2021
Tyler Collins,"McKinney-Boyd (McKinney,TX)",HS,A,2021
Drew Swift,Arizona State University,College,A+,2021
Noah Cardenas,"University of California, Los Angeles (UCLA)",College,A+,2021
Lucas Dunn,University of Louisville,College,A+,2021
Patrick Wicklander,University of Arkansas,College,AA,2021
Ben Harris,University of Georgia,College,AA,2021
Luke Brown,University of Louisville,College,A+,2021
Liam Hicks,Arkansas State University,College,AA,2021
Garrett Burhenn,Ohio State University,College,A+,2021
Tyler Miller,Auburn University,College,A+,2021
Ryan Higgins,Fresno State University,College,A+,2021
Jake Rice,Kennesaw State University,College,AA,2021
Parker Bates,Louisiana Tech University,College,AA,2021
Cullen Kafka,University of Oregon,College,A+,2021
Braden Olthoff,Tulane University,College,AA,2021
Levi David,University of Washington,College,A,2021
Cole Quintanilla,University of Texas,College,A,2021
Spencer Packard,Campbell University,College,AA,2021
Gavin Tonkel,"Heritage (Brentwood,CA)",HS,Rk,2021
Mat Olsen,Central Arizona College,College,A+,2021
Brannon Jordan,University of South Carolina,College,A+,2021
Aaron Brown,Middle Tennessee State University,College,AA,2021
Jake Schrand,Wright State University,College,A+,2021
Jack Rogers,Sam Houston State University,College,A+,2021
Trent Baker,Angelo State University,College,A+,2021
Conor Larkin,Penn State University,College,A+,2021
Chandler Champlain,University of Southern California,College,A+,2021
Chase Watkins,Oregon State University,College,A+,2021
Gil Luna,University of Arizona,College,AA,2021
Will Dion,McNeese State University,College,A+,2021
Liam McGill,Bryant University,College,Rk,2021
Shane McGuire,University of San Diego,College,AA,2021
Pat Winkel,University of Connecticut,College,AA,2021
Garrett Hawkins,The University of British Columbia,College,A+,2021
Alexander Ayala,Florida SouthWestern State College,College,A,2021
Lael Lockhart,University of Arkansas,College,AA,2021
Justin Meis,Eastern Michigan University,College,AA,2021
C.J. Widger,Rowan College South Jersey,College,--,2021
Austin Schultz,University of Kentucky,College,A+,2021
Matt Litwicki,Indiana University,College,College,2021
Billy Cook,Pepperdine University,College,AA,2021
Hugh Fisher,Vanderbilt University,College,AA,2021
Shane Connolly,Virginia Tech,College,A,2021
Zach Kokoska,Kansas State University,College,A+,2021
Andrew Peters,University of South Carolina,College,A,2021
Keyshawn Askew,Clemson University,College,A+,2021
Darren Baker,University of California,College,AAA,2021
Jordan Jackson,Georgia Southern University,College,A+,2021
Logan Cerny,Troy University,College,A+,2021
Vaun Brown,Florida Southern College,College,AA,2021
Wes Clarke,University of South Carolina,College,AA,2021
Michael Sandle,University of South Alabama,College,AAA,2021
Hunter Perdue,Florida State University,College,A+,2021
Donovan Benoit,Tulane University,College,AA,2021
Osvaldo Tovalin,Azusa Pacific University,College,A+,2021
Connor Cooke,University of Louisiana at Lafayette,College,AA,2021
Benjamin Cowles,University of Maryland,College,A+,2021
Peter Matt,Duke University,College,AAA,2021
Tommy Sommer,Indiana University,College,AA,2021
Franco Aleman,University of Florida,College,A+,2021
Jack Winkler,University of San Francisco,College,A+,2021
Ernie Yake,Gonzaga University,College,AAA,2021
Colton Bender,Quinnipiac University,College,A+,2021
Austin Vernon,North Carolina Central University,College,A+,2021
Michael Hobbs,St. Mary's College of California,College,A+,2021
Jackson Holliday,"Stillwater (Stillwater,OK)",HS,A+,2022
Druw Jones,"The Wesleyan School (Norcross,GA)",HS,A,2022
Kumar Rocker,New York University,FA,A+,2022
Termarr Johnson,"Mays (Atlanta,GA)",HS,A,2022
Elijah Green,"IMG Academy (Bradenton,FL)",HS,A,2022
Jacob Berry,Louisiana State University,College,A+,2022
Cade Horton,University of Oklahoma,College,A+,2022
Brooks Lee,Cal Poly,College,AA,2022
Gavin Cross,Virginia Tech,College,A+,2022
Gabriel Hughes,Gonzaga University,College,A+,2022
Kevin Parada,Georgia Tech,College,A+,2022
Jace Jung,Texas Tech University,College,A+,2022
Zach Neto,Campbell University,College,MLB,2022
Jett Williams,"Rockwall-Heath (Rockwall,TX)",HS,A,2022
Dylan Lesko,"Buford (Buford,GA)",HS,--,2022
Chase DeLauter,James Madison University ,College,College,2022
Justin Crawford,"Bishop Gorman (Las Vegas,NV)",HS,A,2022
Cam Collier,Chipola College,College,A,2022
Daniel Susac,University of Arizona,College,A+,2022
Owen Murphy,"Riverside-Brookfield (Brookfield,IL)",HS,A,2022
Cole Young,"North Allegheny (Wexford,PA)",HS,A,2022
Cooper Hjerpe,Oregon State University,College,A+,2022
Brandon Barriera,"American Heritage (Plantation,FL)",HS,A,2022
Mikey Romero,"Orange Lutheran (Orange,CA)",HS,A,2022
Spencer Jones,Vanderbilt University,College,A+,2022
Noah Schultz,"Oswego East (Oswego,IL)",HS,A,2022
Eric Brown,Coastal Carolina University,College,A+,2022
Drew Gilbert,University of Tennessee,College,AA,2022
Xavier Isaac,"East Forsyth (Kernersville,NC)",HS,A,2022
Reggie Crawford,University of Connecticut,College,A,2022
Sterlin Thompson,University of Florida,College,A+,2022
Sal Stewart,"Westminster Christian (Miami,FL)",HS,A,2022
Dylan Beavers,University of California,College,A+,2022
Landon Sims,Mississippi State University,College,College,2022
JR Ritchie,"Bainbridge (Bainbridge,GA)",HS,A,2022
Thomas Harrington,Campbell University,College,A+,2022
Justin Campbell,Oklahoma State University,College,College,2022
Jordan Beck,University of Tennessee,College,A+,2022
Robby Snelling,"McQueen (Reno,NV)",HS,A,2022
Dalton Rushing,University of Louisville,College,A+,2022
Cutter Coffey,"Liberty (Bakersfield,CA)",HS,A,2022
Max Wagner,Clemson University,College,A+,2022
Ivan Melendez,University of Texas,College,A+,2022
Hunter Barco,University of Florida,College,College,2022
Jake Bennett,University of Oklahoma,College,A,2022
Jacob Miller,"Liberty Union (Baltimore,OH)",HS,A,2022
Jackson Ferris,"IMG Academy (Bradenton,FL)",HS,A,2022
Connor Prielipp,University of Alabama,College,A+,2022
Cayden Wallace,University of Arkansas,College,A+,2022
Jackson Cox,"Toutle Lake (Toutle,WA)",HS,A,2022
Peyton Graham,University of Oklahoma,College,A,2022
Blade Tidwell,University of Tennessee,College,A+,2022
Adam Mazur,University of Iowa,College,A+,2022
Parker Messick,Florida State University,College,A,2022
Logan Tanner,Mississippi State University,College,A,2022
Henry Bolte,"Palo Alto (Palo Alto,CA)",HS,A,2022
Cole Phillips,"Boerne (Boerne,TX)",HS,--,2022
Tyler Locklear,Virginia Commonwealth University,College,A+,2022
Brycen Mautz,University of San Diego,College,A,2022
Josh Kasevich,University of Oregon,College,A+,2022
Drew Thorpe,Cal Poly,College,A+,2022
Peyton Pallette,University of Arkansas,College,A,2022
Jacob Misiorowski,Crowder College,College,A,2022
Jacob Melton,Oregon State University,College,A+,2022
Brock Jones,Stanford University,College,A+,2022
Carson Whisenhunt,East Carolina University,College,A+,2022
Jud Fabian,University of Florida,College,A+,2022
Tanner Schobel,Virginia Tech,College,A+,2022
Clark Elliott,University of Michigan,College,A+,2022
Chandler Simpson,Georgia Tech,College,A,2022
Ryan Cermak,Illinois State University,College,A,2022
Robert Moore,University of Arkansas,College,A+,2022
Justin Boyd,Oregon State University,College,A+,2022
Walter Ford,"Pace (Pace,FL)",HS,--,2022
Nick Morabito,"Gonzaga College (Washington,DC)",HS,Rk,2022
Blake Burkhalter,Auburn University,College,A,2022
Tucker Toman,"Hammond (Columbia,SC)",HS,A,2022
Cade Doughty,Louisiana State University,College,A+,2022
Roman Anthony,"Stoneman Douglas (Parkland,FL)",HS,A,2022
Andrew Taylor,Central Michigan University,College,A,2022
Nolan McLean,Oklahoma State University,College,College,2022
Nate Savino,University of Virginia,College,College,2022
Jack Brannigan,University of Notre Dame,College,A,2022
Trey Lipscomb,University of Tennessee,College,A+,2022
Karson Milbrandt,"Liberty (Liberty,MO)",HS,A,2022
Christopher Paciolla,"Temecula Valley (Temecula,CA)",HS,Rk,2022
Mason Barnett,Auburn University,College,A+,2022
Carson Palmquist,University of Miami,College,A+,2022
Ben Joyce,University of Tennessee,College,MLB,2022
Brandon Sproat,University of Florida,College,College,2022
Henry Williams,Duke University,College,A,2022
Joe Lampe,Arizona State University,College,A+,2022
Gabriel Rincones,Florida Atlantic University,College,A,2022
Bryce Hubbart,Florida State University,College,A,2022
Colby Thomas,Mercer University,College,A,2022
Drake Baldwin,Missouri State University,College,A+,2022
Pete Hansen,University of Texas,College,A,2022
Alan Roden,Creighton University,College,A+,2022
Dalton Rogers,University of Southern Mississippi,College,A+,2022
Trystan Vrieling,Gonzaga University,College,College,2022
Jonathan Cannon,University of Georgia,College,A+,2022
Dylan O'Rae,"Northern Collegiate (Sarnia,ON)",HS,Rk,2022
Michael Knorr,Coastal Carolina University,College,A+,2022
Trevor Martin,Oklahoma State University,College,A,2022
Alex Freeland,University of Central Florida,College,A+,2022
William Kempner,Gonzaga University,College,A,2022
Silas Ardoin,University of Texas,College,A+,2022
Dylan Ray,University of Alabama,College,A+,2022
Brock Porter,"Orchard Lake St Mary's Prep (Orchard Lake,MI)",HS,A,2022
Michael Kennedy,"Troy (Troy,NY)",HS,--,2022
Brenner Cox,"Rock Hill (Frisco,TX)",HS,A,2022
Marcus Johnson,Duke University,College,A,2022
Nazier Mule,"Passaic County Technical Institute (Wayne,NJ)",HS,--,2022
Andrew Morris,Texas Tech University,College,A,2022
Steven Zobac,University of California,College,A,2022
Ryan Ritter,University of Kentucky,College,A,2022
Troy Melton,San Diego State University,College,A+,2022
Jake Madden,Northwest Florida State College,College,A,2022
Jacob Reimer,"Yucaipa (Yucaipa,CA)",HS,A,2022
Lamar King,"Calvert Hall (Baltimore,MD)",HS,Rk,2022
Nate Furman,University of North Carolina-Charlotte,College,A+,2022
Alex McFarlane,University of Miami,College,A,2022
Kenya Huggins,Chipola College,College,A,2022
Jacob Watters,West Virginia University,College,A+,2022
David McCabe,University of North Carolina-Charlotte,College,A+,2022
Ashton Izzi,"Oswego East (Oswego,IL)",HS,--,2022
Jimmy Crooks,University of Oklahoma,College,A+,2022
Ryan Jennings,Louisiana Tech University,College,A,2022
Chase Meidroth,University of San Diego,College,AA,2022
Anthony Hall,University of Oregon,College,A,2022
Jordan Sprinkle,"The University of California, Santa Barbara",College,A,2022
Matthew Wood,Penn State University,College,A+,2022
Trey Dombroski,Monmouth University,College,A,2022
Dominic Keegan,Vanderbilt University,College,A,2022
Nick Biddison,Virginia Tech,College,A,2022
Spencer Miles,University of Missouri,College,A,2022
Trace Bright,Auburn University,College,A+,2022
Andrew Pintar,Brigham Young University ,College,A,2022
Chandler Pollard,"Woodward Academy (College Park,GA)",HS,Rk,2022
Tres Gonzalez,Georgia Tech,College,A+,2022
Jared McKenzie,Baylor University,College,A+,2022
Josh White,University of California,College,A+,2022
Brandon Birdsell,Texas Tech University,College,A+,2022
Ben Ross,Notre Dame College,College,A+,2022
Hunter Patteson,University of Central Florida,College,College,2022
Connor Staine,University of Central Florida,College,A,2022
Luke Gold,Boston College,College,A,2022
Sonny DiChiara,Auburn University,College,AA,2022
D'Andre Smith,University of Southern California,College,A,2022
Nathan Martorella,University of California,College,A+,2022
Guy Lipscomb,Belmont University,College,A,2022
Orion Kerkering,University of South Florida,College,A+,2022
Cade Hunter,Virginia Tech,College,A,2022
Jack Perkins,Indiana University,College,A+,2022
Ignacio Alvarez,Riverside Community College,College,A+,2022
Reid VanScoter,Coastal Carolina University,College,A+,2022
Victor Scott,West Virginia University,College,A+,2022
Mason Fluharty,Liberty University,College,AA,2022
Noah Dean,Old Dominion University,College,A,2022
Eric Reyzelman,Louisiana State University,College,A,2022
Tyler Schweitzer,Ball State University,College,A,2022
Will Rudy,Cal Poly Pomona,College,A,2022
Nolan DeVos,Davidson College,College,A,2022
Jalen Battles,University of Arkansas,College,AA,2022
Sean McLain,Arizona State University,College,A,2022
Liam Simon,University of Notre Dame,College,A,2022
Douglas Hodo,University of Texas,College,A+,2022
Will Mabrey,University of Tennessee,College,A+,2022
Tommy Specht,"Wahlert (Dubuque,IA)",HS,A,2022
Derek Diamond,University of Mississippi,College,A,2022
Jared Poland,University of Louisville,College,A+,2022
Will Frisch,Oregon State University,College,College,2022
Jorel Ortega,University of Tennessee,College,A,2022
Hayden Dunhurst,University of Mississippi,College,Rk,2022
Michael Prosecky,University of Louisville,College,A,2022
Danny Serretti,University of North Carolina,College,AA,2022
Victor Mederos,Oklahoma State University,College,AA,2022
Tyler Stuart,University of Southern Mississippi,College,A+,2022
Jakob Marsee,Central Michigan University,College,A+,2022
Dylan DeLucia,University of Mississippi,College,College,2022
Mavis Graves,"Eastside (Taylors,SC)",HS,--,2022
Zach Maxwell,Georgia Tech,College,A,2022
Brennan Milone,University of South Carolina,College,A,2022
Seth Keller,"Hanover (Mechanicsville,VA)",HS,A,2022
Josh Hood,North Carolina State University,College,A,2022
Max Rajcic,"University of California, Los Angeles (UCLA)",College,A,2022
T.J. Brock,Ohio State University,College,AA,2022
Alex Hoppe,University of North Carolina Greensboro,College,A+,2022
Chase Hampton,Texas Tech University,College,A+,2022
Eric Adler,Wake Forest University,College,A,2022
Tyler Woessner,Central Arizona College,College,A+,2022
Collin Price,Mercer University,College,A+,2022
Gary Gill Hill,"Kennedy Catholic (Somers,NY)",HS,--,2022
Logan Wagner,"P27 Sports Academy (Lexington,SC)",HS,Rk,2022
Hayden Birdsong,Eastern Illinois University,College,A,2022
Preston Johnson,University of Mississippi,College,Rk,2022
Demetrio Crisantes,"Nogales (Nogales,AZ)",HS,--,2022
Luis Ramirez,Long Beach State University,College,A,2022
J.P. Massey,University of Minnesota,College,A,2022
Riley Cornelio,Texas Christian University,College,A,2022
Kyle Crigger,Louisiana Tech University,College,A+,2022
Nick Hull,Grand Canyon University,College,A,2022
Kyle Jones,University of Toldeo,College,A+,2022
Mack Anglin,Clemson University,College,A,2022
Kody Huff,Stanford University,College,A,2022
Seth Stephenson,University of Tennessee,College,A,2022
Roman Phansalkar,Oklahoma State University,College,A+,2022
Jonah Tong,"Bill Crothers (Unionville,ON)",HS,--,2022
Nick Vogt,"The University of California, Santa Barbara",College,A,2022
Javier Santos,"Georgia Premier Academy (Statesboro,GA)",HS,--,2022
Caleb Ricketts,University of San Diego,College,A+,2022
Trey Faltine,University of Texas,College,A+,2022
Yeniel Laboy,"Carlos Beltran Baseball Academy (Florida,PR)",HS,Rk,2022
Adam Maier,University of Oregon,College,College,2022
Hogan Windish,University of North Carolina Greensboro,College,A+,2022
Alex Iadisernia,Elon University,College,A,2022
Peyton Williams,University of Iowa,College,A+,2022
Caleb Bolden,Texas Christian University,College,A,2022
Cam Schlittler,Northeastern University,College,College,2022
Mark McLaughlin,University of Tennessee,College,A,2022
Ben Metzinger,University of Louisville,College,A+,2022
A.J. Blubaugh,University of Wisconsin-Milwaukee,College,A+,2022
Blake Robertson,University of Oklahoma,College,A+,2022
Chris Campos,St. Mary's College of California,College,A,2022
Zach Morgan,Fresno State University,College,A,2022
Cameron Weston,University of Michigan,College,A,2022
Adrian Rodriguez,"International Baseball Academy (Ceiba,PR)",HS,Rk,2022
Matt Brosky,Youngstown State University,College,AA,2022
Cy Nielson,Brigham Young University ,College,A+,2022
Chance Huff,Georgia Tech,College,A+,2022
Dale Stanavich,Rutgers University,College,A,2022
Mason McGwire,"Capistrano Valley (Mission Viejo,CA)",HS,--,2022
Zebby Matthews,Western Carolina University,College,A,2022
Davis Palermo,University of North Carolina,College,A,2022
Jake Miller,Valparaiso University,College,A,2022
Dylan Phillips,Kansas State University,College,A+,2022
Dylan Tebrake,Creighton University,College,A+,2022
Griffin Doersching,Oklahoma State University,College,A,2022
Jackson Humphries,"Fuquay Varina (Fuquay Varina,NC)",HS,--,2022
Alex Rao,University of Notre Dame,College,A,2022
Chris McElvain,Vanderbilt University,College,A,2022
Micah Dallas,Texas A&M University,College,AAA,2022
Jason Franks,Cal Poly,College,A,2022
Tatem Levins,Pittsburgh University,College,A,2022
Cade Winquest,University of Texas at Arlington,College,A,2022
Dylan Rock,Texas A&M University,College,AA,2022
Jonathan Brand,"Miami University - Oxford, Ohio",College,A,2022
Brett Barrera,Stanford University,College,A,2022
Mario Camilletti,Central Michigan University,College,A,2022
Nate Peterson,University of Illinois-Chicago,College,A,2022
Tyler Guilfoil,University of Kentucky,College,A,2022
Sean Harney,University of Kentucky,College,AA,2022
Taylor Young,Louisiana Tech University,College,A+,2022
Wade Meckler,Oregon State University,College,AA,2022
Adam Crampton,Stanford University,College,A,2022
Gavin Logan,Oregon State University,College,A+,2022
Griffin Cheney,Georgia State University,College,A+,2022
Mike Walsh,Yale University,College,A,2022
Maxwell Romero,University of Miami,College,A,2022
Evan Taylor,University of Arkansas,College,A,2022
Connor Noland,University of Arkansas,College,A+,2022
Cory Lewis,"The University of California, Santa Barbara",College,A,2022
Brandon Johnson,University of Mississippi,College,A+,2022
Brad Cumbest,Mississippi State University,College,Rk,2022
Andrew Jenkins,Georgia Tech,College,A,2022
Joe Stewart,University of Michigan,College,A+,2022
Chase Estep,University of Kentucky,College,A+,2022
Dylan Nedved,University of Iowa,College,A,2022
Austin Peterson,University of Connecticut,College,A,2022
Chad Castillo,CALIFORNIA BAPTIST UNIVERSITY,College,A,2022
Rob Hensey,Monmouth University,College,A,2022
Caeden Trenkle,Oklahoma State University,College,A+,2022
Cory Acton,University of Georgia,College,A+,2022
Tyler Gough,"JSerra Catholic (San Juan Capistrano,CA)",HS,A,2022
Joseph King,University of California,College,A,2022
Devereaux Harrison,Long Beach State University,College,A+,2022
Brooks Brannon,"Randleman (Randleman,NC)",HS,Rk,2022
Matt Keating,University of Southern California,College,A,2022
Michael Turner,University of Arkansas,College,A+,2022
Tayden Hall,State College of Florida Manatee-Sarasota,College,A+,2022
Brett Gillis,University of Portland,College,A,2022
Chris Villaman,North Carolina State University,College,College,2022
Brandon Neeck,University of Virginia,College,College,2022
Jack Choate,ASSUMPTION COLLEGE,College,A,2022
Wyatt Cheney,McLennan Community College,College,A,2022
Brett Johnson,SOUTHERN ILLINOIS UNIVERSITY-EDWARDSVILLE,College,A+,2022
Josh Hatcher,Kennesaw State University,College,A+,2022
Tanner Tredaway,University of Oklahoma,College,A,2022
Murphy Stehly,University of Texas,College,A,2022
Cade Gibson,Louisiana Tech University,College,A+,2022
Brody McCullough,Wingate University,College,A,2022
Dalton Shuffield,Texas State University,College,AAA,2022
Levi Usher,University of Louisville,College,A,2022
Zach Agnos,East Carolina University,College,A,2022
Trevin Michael,University of Oklahoma,College,A+,2022
Matt Coutney,Old Dominion University,College,A,2022
Zebulon Vermillion,University of Arkansas,College,Rk,2022
Jackson Smeltz,Purdue University,College,College,2022
Jacob Zibin,"TNXL Academy (Longwood,Fl)",HS,--,2022
Gustavo Sosa,SOUTH MOUNTAIN COMMUNITY COLLEGE,College,Rk,2022
Brody Jessee,Gonzaga University,College,A,2022
Brock Rodden,Wichita State University,College,College,2022
Andrew Keck,Southeast Missouri State University,College,A,2022
Bill Knight,Mercer University,College,A,2022
Tanner Jacobson,QUEENS COLLEGE OF CHARLOTTE,College,A,2022
Ian Churchill,University of San Diego,College,A,2022
Isaac Coffey,Oral Roberts University,College,A+,2022
Will Brian,Eastern Kentucky University,College,A,2022
Tim Elko,University of Mississippi,College,A,2022
Brian Fitzpatrick,Rutgers University,College,Rk,2022
Zach Cole,Ball State University,College,A,2022
Cade Halemanu,University Of Hawaii,College,A,2022
Simon Reid,Westmont College,College,Rk,2022
John Bertrand,University of Notre Dame,College,A+,2022
